================================================================================
ENVIRONMENT
================================================================================
env type:       <class 'mate.wrappers.single_team.MultiCamera'>
num_teammates:  8
num_opponents:  8

env.action_space
  type:   <class 'gymnasium.spaces.tuple.Tuple'>
  space:  Tuple(Box([-5.  -2.5], [5.  2.5], (2,), float64), Box([-5.  -2.5], [5.  2.5], (2,), float64), Box([-5.  -2.5], [5.  2.5], (2,), float64), Box([-5.  -2.5], [5.  2.5], (2,), float64), Box([-5.  -2.5], [5.  2.5], (2,), float64), Box([-5.  -2.5], [5.  2.5], (2,), float64), Box([-5.  -2.5], [5.  2.5], (2,), float64), Box([-5.  -2.5], [5.  2.5], (2,), float64))
  shape:  None
  dtype:  None
  spaces:

  [0]
    type:   <class 'gymnasium.spaces.box.Box'>
    space:  Box([-5.  -2.5], [5.  2.5], (2,), float64)
    shape:  (2,)
    dtype:  float64

  [1]
    type:   <class 'gymnasium.spaces.box.Box'>
    space:  Box([-5.  -2.5], [5.  2.5], (2,), float64)
    shape:  (2,)
    dtype:  float64

  [2]
    type:   <class 'gymnasium.spaces.box.Box'>
    space:  Box([-5.  -2.5], [5.  2.5], (2,), float64)
    shape:  (2,)
    dtype:  float64

  [3]
    type:   <class 'gymnasium.spaces.box.Box'>
    space:  Box([-5.  -2.5], [5.  2.5], (2,), float64)
    shape:  (2,)
    dtype:  float64

  [4]
    type:   <class 'gymnasium.spaces.box.Box'>
    space:  Box([-5.  -2.5], [5.  2.5], (2,), float64)
    shape:  (2,)
    dtype:  float64

  [5]
    type:   <class 'gymnasium.spaces.box.Box'>
    space:  Box([-5.  -2.5], [5.  2.5], (2,), float64)
    shape:  (2,)
    dtype:  float64

  [6]
    type:   <class 'gymnasium.spaces.box.Box'>
    space:  Box([-5.  -2.5], [5.  2.5], (2,), float64)
    shape:  (2,)
    dtype:  float64

  [7]
    type:   <class 'gymnasium.spaces.box.Box'>
    space:  Box([-5.  -2.5], [5.  2.5], (2,), float64)
    shape:  (2,)
    dtype:  float64

env.observation_space
  type:   <class 'gymnasium.spaces.tuple.Tuple'>
  space:  Tuple(Box([ 0.e+00  0.e+00  0.e+00  0.e+00 -2.e+03 -2.e+03 -2.e+03 -2.e+03 -2.e+03
 -2.e+03 -2.e+03 -2.e+03  0.e+00 -2.e+03 -2.e+03  0.e+00 -2.e+03 -2.e+03
  0.e+00  0.e+00  0.e+00  0.e+00 -2.e+03 -2.e+03  0.e+00 -1.e+00 -1.e+00
 -2.e+03 -2.e+03  0.e+00 -1.e+00 -1.e+00 -2.e+03 -2.e+03  0.e+00 -1.e+00
 -1.e+00 -2.e+03 -2.e+03  0.e+00 -1.e+00 -1.e+00 -2.e+03 -2.e+03  0.e+00
 -1.e+00 -1.e+00 -2.e+03 -2.e+03  0.e+00 -1.e+00 -1.e+00 -2.e+03 -2.e+03
  0.e+00 -1.e+00 -1.e+00 -2.e+03 -2.e+03  0.e+00 -1.e+00 -1.e+00 -2.e+03
 -2.e+03  0.e+00 -1.e+00 -2.e+03 -2.e+03  0.e+00 -1.e+00 -2.e+03 -2.e+03
  0.e+00 -1.e+00 -2.e+03 -2.e+03  0.e+00 -1.e+00 -2.e+03 -2.e+03  0.e+00
 -1.e+00 -2.e+03 -2.e+03  0.e+00 -1.e+00 -2.e+03 -2.e+03  0.e+00 -1.e+00
 -2.e+03 -2.e+03  0.e+00 -1.e+00 -2.e+03 -2.e+03  0.e+00 -1.e+00 -2.e+03
 -2.e+03  0.e+00 -2.e+03 -2.e+03  0.e+00 -1.e+00 -2.e+03 -2.e+03  0.e+00
 -2.e+03 -2.e+03  0.e+00 -1.e+00 -2.e+03 -2.e+03  0.e+00 -2.e+03 -2.e+03
  0.e+00 -1.e+00 -2.e+03 -2.e+03  0.e+00 -2.e+03 -2.e+03  0.e+00 -1.e+00
 -2.e+03 -2.e+03  0.e+00 -2.e+03 -2.e+03  0.e+00 -1.e+00 -2.e+03 -2.e+03
  0.e+00 -2.e+03 -2.e+03  0.e+00 -1.e+00 -2.e+03 -2.e+03  0.e+00 -2.e+03
 -2.e+03  0.e+00 -1.e+00 -2.e+03 -2.e+03  0.e+00 -2.e+03 -2.e+03  0.e+00
 -1.e+00], [    inf     inf     inf     inf 2.0e+03 2.0e+03 2.0e+03 2.0e+03 2.0e+03
 2.0e+03 2.0e+03 2.0e+03 1.0e+03 2.0e+03 2.0e+03 1.0e+03 2.0e+03 2.0e+03
 1.8e+02 2.0e+03 1.8e+02 1.8e+02 2.0e+03 2.0e+03 2.0e+03 1.0e+00 1.0e+00
 2.0e+03 2.0e+03 2.0e+03 1.0e+00 1.0e+00 2.0e+03 2.0e+03 2.0e+03 1.0e+00
 1.0e+00 2.0e+03 2.0e+03 2.0e+03 1.0e+00 1.0e+00 2.0e+03 2.0e+03 2.0e+03
 1.0e+00 1.0e+00 2.0e+03 2.0e+03 2.0e+03 1.0e+00 1.0e+00 2.0e+03 2.0e+03
 2.0e+03 1.0e+00 1.0e+00 2.0e+03 2.0e+03 2.0e+03 1.0e+00 1.0e+00 2.0e+03
 2.0e+03 1.0e+03 1.0e+00 2.0e+03 2.0e+03 1.0e+03 1.0e+00 2.0e+03 2.0e+03
 1.0e+03 1.0e+00 2.0e+03 2.0e+03 1.0e+03 1.0e+00 2.0e+03 2.0e+03 1.0e+03
 1.0e+00 2.0e+03 2.0e+03 1.0e+03 1.0e+00 2.0e+03 2.0e+03 1.0e+03 1.0e+00
 2.0e+03 2.0e+03 1.0e+03 1.0e+00 2.0e+03 2.0e+03 1.0e+03 1.0e+00 2.0e+03
 2.0e+03 1.0e+03 2.0e+03 2.0e+03 1.8e+02 1.0e+00 2.0e+03 2.0e+03 1.0e+03
 2.0e+03 2.0e+03 1.8e+02 1.0e+00 2.0e+03 2.0e+03 1.0e+03 2.0e+03 2.0e+03
 1.8e+02 1.0e+00 2.0e+03 2.0e+03 1.0e+03 2.0e+03 2.0e+03 1.8e+02 1.0e+00
 2.0e+03 2.0e+03 1.0e+03 2.0e+03 2.0e+03 1.8e+02 1.0e+00 2.0e+03 2.0e+03
 1.0e+03 2.0e+03 2.0e+03 1.8e+02 1.0e+00 2.0e+03 2.0e+03 1.0e+03 2.0e+03
 2.0e+03 1.8e+02 1.0e+00 2.0e+03 2.0e+03 1.0e+03 2.0e+03 2.0e+03 1.8e+02
 1.0e+00], (154,), float64), Box([ 0.e+00  0.e+00  0.e+00  0.e+00 -2.e+03 -2.e+03 -2.e+03 -2.e+03 -2.e+03
 -2.e+03 -2.e+03 -2.e+03  0.e+00 -2.e+03 -2.e+03  0.e+00 -2.e+03 -2.e+03
  0.e+00  0.e+00  0.e+00  0.e+00 -2.e+03 -2.e+03  0.e+00 -1.e+00 -1.e+00
 -2.e+03 -2.e+03  0.e+00 -1.e+00 -1.e+00 -2.e+03 -2.e+03  0.e+00 -1.e+00
 -1.e+00 -2.e+03 -2.e+03  0.e+00 -1.e+00 -1.e+00 -2.e+03 -2.e+03  0.e+00
 -1.e+00 -1.e+00 -2.e+03 -2.e+03  0.e+00 -1.e+00 -1.e+00 -2.e+03 -2.e+03
  0.e+00 -1.e+00 -1.e+00 -2.e+03 -2.e+03  0.e+00 -1.e+00 -1.e+00 -2.e+03
 -2.e+03  0.e+00 -1.e+00 -2.e+03 -2.e+03  0.e+00 -1.e+00 -2.e+03 -2.e+03
  0.e+00 -1.e+00 -2.e+03 -2.e+03  0.e+00 -1.e+00 -2.e+03 -2.e+03  0.e+00
 -1.e+00 -2.e+03 -2.e+03  0.e+00 -1.e+00 -2.e+03 -2.e+03  0.e+00 -1.e+00
 -2.e+03 -2.e+03  0.e+00 -1.e+00 -2.e+03 -2.e+03  0.e+00 -1.e+00 -2.e+03
 -2.e+03  0.e+00 -2.e+03 -2.e+03  0.e+00 -1.e+00 -2.e+03 -2.e+03  0.e+00
 -2.e+03 -2.e+03  0.e+00 -1.e+00 -2.e+03 -2.e+03  0.e+00 -2.e+03 -2.e+03
  0.e+00 -1.e+00 -2.e+03 -2.e+03  0.e+00 -2.e+03 -2.e+03  0.e+00 -1.e+00
 -2.e+03 -2.e+03  0.e+00 -2.e+03 -2.e+03  0.e+00 -1.e+00 -2.e+03 -2.e+03
  0.e+00 -2.e+03 -2.e+03  0.e+00 -1.e+00 -2.e+03 -2.e+03  0.e+00 -2.e+03
 -2.e+03  0.e+00 -1.e+00 -2.e+03 -2.e+03  0.e+00 -2.e+03 -2.e+03  0.e+00
 -1.e+00], [    inf     inf     inf     inf 2.0e+03 2.0e+03 2.0e+03 2.0e+03 2.0e+03
 2.0e+03 2.0e+03 2.0e+03 1.0e+03 2.0e+03 2.0e+03 1.0e+03 2.0e+03 2.0e+03
 1.8e+02 2.0e+03 1.8e+02 1.8e+02 2.0e+03 2.0e+03 2.0e+03 1.0e+00 1.0e+00
 2.0e+03 2.0e+03 2.0e+03 1.0e+00 1.0e+00 2.0e+03 2.0e+03 2.0e+03 1.0e+00
 1.0e+00 2.0e+03 2.0e+03 2.0e+03 1.0e+00 1.0e+00 2.0e+03 2.0e+03 2.0e+03
 1.0e+00 1.0e+00 2.0e+03 2.0e+03 2.0e+03 1.0e+00 1.0e+00 2.0e+03 2.0e+03
 2.0e+03 1.0e+00 1.0e+00 2.0e+03 2.0e+03 2.0e+03 1.0e+00 1.0e+00 2.0e+03
 2.0e+03 1.0e+03 1.0e+00 2.0e+03 2.0e+03 1.0e+03 1.0e+00 2.0e+03 2.0e+03
 1.0e+03 1.0e+00 2.0e+03 2.0e+03 1.0e+03 1.0e+00 2.0e+03 2.0e+03 1.0e+03
 1.0e+00 2.0e+03 2.0e+03 1.0e+03 1.0e+00 2.0e+03 2.0e+03 1.0e+03 1.0e+00
 2.0e+03 2.0e+03 1.0e+03 1.0e+00 2.0e+03 2.0e+03 1.0e+03 1.0e+00 2.0e+03
 2.0e+03 1.0e+03 2.0e+03 2.0e+03 1.8e+02 1.0e+00 2.0e+03 2.0e+03 1.0e+03
 2.0e+03 2.0e+03 1.8e+02 1.0e+00 2.0e+03 2.0e+03 1.0e+03 2.0e+03 2.0e+03
 1.8e+02 1.0e+00 2.0e+03 2.0e+03 1.0e+03 2.0e+03 2.0e+03 1.8e+02 1.0e+00
 2.0e+03 2.0e+03 1.0e+03 2.0e+03 2.0e+03 1.8e+02 1.0e+00 2.0e+03 2.0e+03
 1.0e+03 2.0e+03 2.0e+03 1.8e+02 1.0e+00 2.0e+03 2.0e+03 1.0e+03 2.0e+03
 2.0e+03 1.8e+02 1.0e+00 2.0e+03 2.0e+03 1.0e+03 2.0e+03 2.0e+03 1.8e+02
 1.0e+00], (154,), float64), Box([ 0.e+00  0.e+00  0.e+00  0.e+00 -2.e+03 -2.e+03 -2.e+03 -2.e+03 -2.e+03
 -2.e+03 -2.e+03 -2.e+03  0.e+00 -2.e+03 -2.e+03  0.e+00 -2.e+03 -2.e+03
  0.e+00  0.e+00  0.e+00  0.e+00 -2.e+03 -2.e+03  0.e+00 -1.e+00 -1.e+00
 -2.e+03 -2.e+03  0.e+00 -1.e+00 -1.e+00 -2.e+03 -2.e+03  0.e+00 -1.e+00
 -1.e+00 -2.e+03 -2.e+03  0.e+00 -1.e+00 -1.e+00 -2.e+03 -2.e+03  0.e+00
 -1.e+00 -1.e+00 -2.e+03 -2.e+03  0.e+00 -1.e+00 -1.e+00 -2.e+03 -2.e+03
  0.e+00 -1.e+00 -1.e+00 -2.e+03 -2.e+03  0.e+00 -1.e+00 -1.e+00 -2.e+03
 -2.e+03  0.e+00 -1.e+00 -2.e+03 -2.e+03  0.e+00 -1.e+00 -2.e+03 -2.e+03
  0.e+00 -1.e+00 -2.e+03 -2.e+03  0.e+00 -1.e+00 -2.e+03 -2.e+03  0.e+00
 -1.e+00 -2.e+03 -2.e+03  0.e+00 -1.e+00 -2.e+03 -2.e+03  0.e+00 -1.e+00
 -2.e+03 -2.e+03  0.e+00 -1.e+00 -2.e+03 -2.e+03  0.e+00 -1.e+00 -2.e+03
 -2.e+03  0.e+00 -2.e+03 -2.e+03  0.e+00 -1.e+00 -2.e+03 -2.e+03  0.e+00
 -2.e+03 -2.e+03  0.e+00 -1.e+00 -2.e+03 -2.e+03  0.e+00 -2.e+03 -2.e+03
  0.e+00 -1.e+00 -2.e+03 -2.e+03  0.e+00 -2.e+03 -2.e+03  0.e+00 -1.e+00
 -2.e+03 -2.e+03  0.e+00 -2.e+03 -2.e+03  0.e+00 -1.e+00 -2.e+03 -2.e+03
  0.e+00 -2.e+03 -2.e+03  0.e+00 -1.e+00 -2.e+03 -2.e+03  0.e+00 -2.e+03
 -2.e+03  0.e+00 -1.e+00 -2.e+03 -2.e+03  0.e+00 -2.e+03 -2.e+03  0.e+00
 -1.e+00], [    inf     inf     inf     inf 2.0e+03 2.0e+03 2.0e+03 2.0e+03 2.0e+03
 2.0e+03 2.0e+03 2.0e+03 1.0e+03 2.0e+03 2.0e+03 1.0e+03 2.0e+03 2.0e+03
 1.8e+02 2.0e+03 1.8e+02 1.8e+02 2.0e+03 2.0e+03 2.0e+03 1.0e+00 1.0e+00
 2.0e+03 2.0e+03 2.0e+03 1.0e+00 1.0e+00 2.0e+03 2.0e+03 2.0e+03 1.0e+00
 1.0e+00 2.0e+03 2.0e+03 2.0e+03 1.0e+00 1.0e+00 2.0e+03 2.0e+03 2.0e+03
 1.0e+00 1.0e+00 2.0e+03 2.0e+03 2.0e+03 1.0e+00 1.0e+00 2.0e+03 2.0e+03
 2.0e+03 1.0e+00 1.0e+00 2.0e+03 2.0e+03 2.0e+03 1.0e+00 1.0e+00 2.0e+03
 2.0e+03 1.0e+03 1.0e+00 2.0e+03 2.0e+03 1.0e+03 1.0e+00 2.0e+03 2.0e+03
 1.0e+03 1.0e+00 2.0e+03 2.0e+03 1.0e+03 1.0e+00 2.0e+03 2.0e+03 1.0e+03
 1.0e+00 2.0e+03 2.0e+03 1.0e+03 1.0e+00 2.0e+03 2.0e+03 1.0e+03 1.0e+00
 2.0e+03 2.0e+03 1.0e+03 1.0e+00 2.0e+03 2.0e+03 1.0e+03 1.0e+00 2.0e+03
 2.0e+03 1.0e+03 2.0e+03 2.0e+03 1.8e+02 1.0e+00 2.0e+03 2.0e+03 1.0e+03
 2.0e+03 2.0e+03 1.8e+02 1.0e+00 2.0e+03 2.0e+03 1.0e+03 2.0e+03 2.0e+03
 1.8e+02 1.0e+00 2.0e+03 2.0e+03 1.0e+03 2.0e+03 2.0e+03 1.8e+02 1.0e+00
 2.0e+03 2.0e+03 1.0e+03 2.0e+03 2.0e+03 1.8e+02 1.0e+00 2.0e+03 2.0e+03
 1.0e+03 2.0e+03 2.0e+03 1.8e+02 1.0e+00 2.0e+03 2.0e+03 1.0e+03 2.0e+03
 2.0e+03 1.8e+02 1.0e+00 2.0e+03 2.0e+03 1.0e+03 2.0e+03 2.0e+03 1.8e+02
 1.0e+00], (154,), float64), Box([ 0.e+00  0.e+00  0.e+00  0.e+00 -2.e+03 -2.e+03 -2.e+03 -2.e+03 -2.e+03
 -2.e+03 -2.e+03 -2.e+03  0.e+00 -2.e+03 -2.e+03  0.e+00 -2.e+03 -2.e+03
  0.e+00  0.e+00  0.e+00  0.e+00 -2.e+03 -2.e+03  0.e+00 -1.e+00 -1.e+00
 -2.e+03 -2.e+03  0.e+00 -1.e+00 -1.e+00 -2.e+03 -2.e+03  0.e+00 -1.e+00
 -1.e+00 -2.e+03 -2.e+03  0.e+00 -1.e+00 -1.e+00 -2.e+03 -2.e+03  0.e+00
 -1.e+00 -1.e+00 -2.e+03 -2.e+03  0.e+00 -1.e+00 -1.e+00 -2.e+03 -2.e+03
  0.e+00 -1.e+00 -1.e+00 -2.e+03 -2.e+03  0.e+00 -1.e+00 -1.e+00 -2.e+03
 -2.e+03  0.e+00 -1.e+00 -2.e+03 -2.e+03  0.e+00 -1.e+00 -2.e+03 -2.e+03
  0.e+00 -1.e+00 -2.e+03 -2.e+03  0.e+00 -1.e+00 -2.e+03 -2.e+03  0.e+00
 -1.e+00 -2.e+03 -2.e+03  0.e+00 -1.e+00 -2.e+03 -2.e+03  0.e+00 -1.e+00
 -2.e+03 -2.e+03  0.e+00 -1.e+00 -2.e+03 -2.e+03  0.e+00 -1.e+00 -2.e+03
 -2.e+03  0.e+00 -2.e+03 -2.e+03  0.e+00 -1.e+00 -2.e+03 -2.e+03  0.e+00
 -2.e+03 -2.e+03  0.e+00 -1.e+00 -2.e+03 -2.e+03  0.e+00 -2.e+03 -2.e+03
  0.e+00 -1.e+00 -2.e+03 -2.e+03  0.e+00 -2.e+03 -2.e+03  0.e+00 -1.e+00
 -2.e+03 -2.e+03  0.e+00 -2.e+03 -2.e+03  0.e+00 -1.e+00 -2.e+03 -2.e+03
  0.e+00 -2.e+03 -2.e+03  0.e+00 -1.e+00 -2.e+03 -2.e+03  0.e+00 -2.e+03
 -2.e+03  0.e+00 -1.e+00 -2.e+03 -2.e+03  0.e+00 -2.e+03 -2.e+03  0.e+00
 -1.e+00], [    inf     inf     inf     inf 2.0e+03 2.0e+03 2.0e+03 2.0e+03 2.0e+03
 2.0e+03 2.0e+03 2.0e+03 1.0e+03 2.0e+03 2.0e+03 1.0e+03 2.0e+03 2.0e+03
 1.8e+02 2.0e+03 1.8e+02 1.8e+02 2.0e+03 2.0e+03 2.0e+03 1.0e+00 1.0e+00
 2.0e+03 2.0e+03 2.0e+03 1.0e+00 1.0e+00 2.0e+03 2.0e+03 2.0e+03 1.0e+00
 1.0e+00 2.0e+03 2.0e+03 2.0e+03 1.0e+00 1.0e+00 2.0e+03 2.0e+03 2.0e+03
 1.0e+00 1.0e+00 2.0e+03 2.0e+03 2.0e+03 1.0e+00 1.0e+00 2.0e+03 2.0e+03
 2.0e+03 1.0e+00 1.0e+00 2.0e+03 2.0e+03 2.0e+03 1.0e+00 1.0e+00 2.0e+03
 2.0e+03 1.0e+03 1.0e+00 2.0e+03 2.0e+03 1.0e+03 1.0e+00 2.0e+03 2.0e+03
 1.0e+03 1.0e+00 2.0e+03 2.0e+03 1.0e+03 1.0e+00 2.0e+03 2.0e+03 1.0e+03
 1.0e+00 2.0e+03 2.0e+03 1.0e+03 1.0e+00 2.0e+03 2.0e+03 1.0e+03 1.0e+00
 2.0e+03 2.0e+03 1.0e+03 1.0e+00 2.0e+03 2.0e+03 1.0e+03 1.0e+00 2.0e+03
 2.0e+03 1.0e+03 2.0e+03 2.0e+03 1.8e+02 1.0e+00 2.0e+03 2.0e+03 1.0e+03
 2.0e+03 2.0e+03 1.8e+02 1.0e+00 2.0e+03 2.0e+03 1.0e+03 2.0e+03 2.0e+03
 1.8e+02 1.0e+00 2.0e+03 2.0e+03 1.0e+03 2.0e+03 2.0e+03 1.8e+02 1.0e+00
 2.0e+03 2.0e+03 1.0e+03 2.0e+03 2.0e+03 1.8e+02 1.0e+00 2.0e+03 2.0e+03
 1.0e+03 2.0e+03 2.0e+03 1.8e+02 1.0e+00 2.0e+03 2.0e+03 1.0e+03 2.0e+03
 2.0e+03 1.8e+02 1.0e+00 2.0e+03 2.0e+03 1.0e+03 2.0e+03 2.0e+03 1.8e+02
 1.0e+00], (154,), float64), Box([ 0.e+00  0.e+00  0.e+00  0.e+00 -2.e+03 -2.e+03 -2.e+03 -2.e+03 -2.e+03
 -2.e+03 -2.e+03 -2.e+03  0.e+00 -2.e+03 -2.e+03  0.e+00 -2.e+03 -2.e+03
  0.e+00  0.e+00  0.e+00  0.e+00 -2.e+03 -2.e+03  0.e+00 -1.e+00 -1.e+00
 -2.e+03 -2.e+03  0.e+00 -1.e+00 -1.e+00 -2.e+03 -2.e+03  0.e+00 -1.e+00
 -1.e+00 -2.e+03 -2.e+03  0.e+00 -1.e+00 -1.e+00 -2.e+03 -2.e+03  0.e+00
 -1.e+00 -1.e+00 -2.e+03 -2.e+03  0.e+00 -1.e+00 -1.e+00 -2.e+03 -2.e+03
  0.e+00 -1.e+00 -1.e+00 -2.e+03 -2.e+03  0.e+00 -1.e+00 -1.e+00 -2.e+03
 -2.e+03  0.e+00 -1.e+00 -2.e+03 -2.e+03  0.e+00 -1.e+00 -2.e+03 -2.e+03
  0.e+00 -1.e+00 -2.e+03 -2.e+03  0.e+00 -1.e+00 -2.e+03 -2.e+03  0.e+00
 -1.e+00 -2.e+03 -2.e+03  0.e+00 -1.e+00 -2.e+03 -2.e+03  0.e+00 -1.e+00
 -2.e+03 -2.e+03  0.e+00 -1.e+00 -2.e+03 -2.e+03  0.e+00 -1.e+00 -2.e+03
 -2.e+03  0.e+00 -2.e+03 -2.e+03  0.e+00 -1.e+00 -2.e+03 -2.e+03  0.e+00
 -2.e+03 -2.e+03  0.e+00 -1.e+00 -2.e+03 -2.e+03  0.e+00 -2.e+03 -2.e+03
  0.e+00 -1.e+00 -2.e+03 -2.e+03  0.e+00 -2.e+03 -2.e+03  0.e+00 -1.e+00
 -2.e+03 -2.e+03  0.e+00 -2.e+03 -2.e+03  0.e+00 -1.e+00 -2.e+03 -2.e+03
  0.e+00 -2.e+03 -2.e+03  0.e+00 -1.e+00 -2.e+03 -2.e+03  0.e+00 -2.e+03
 -2.e+03  0.e+00 -1.e+00 -2.e+03 -2.e+03  0.e+00 -2.e+03 -2.e+03  0.e+00
 -1.e+00], [    inf     inf     inf     inf 2.0e+03 2.0e+03 2.0e+03 2.0e+03 2.0e+03
 2.0e+03 2.0e+03 2.0e+03 1.0e+03 2.0e+03 2.0e+03 1.0e+03 2.0e+03 2.0e+03
 1.8e+02 2.0e+03 1.8e+02 1.8e+02 2.0e+03 2.0e+03 2.0e+03 1.0e+00 1.0e+00
 2.0e+03 2.0e+03 2.0e+03 1.0e+00 1.0e+00 2.0e+03 2.0e+03 2.0e+03 1.0e+00
 1.0e+00 2.0e+03 2.0e+03 2.0e+03 1.0e+00 1.0e+00 2.0e+03 2.0e+03 2.0e+03
 1.0e+00 1.0e+00 2.0e+03 2.0e+03 2.0e+03 1.0e+00 1.0e+00 2.0e+03 2.0e+03
 2.0e+03 1.0e+00 1.0e+00 2.0e+03 2.0e+03 2.0e+03 1.0e+00 1.0e+00 2.0e+03
 2.0e+03 1.0e+03 1.0e+00 2.0e+03 2.0e+03 1.0e+03 1.0e+00 2.0e+03 2.0e+03
 1.0e+03 1.0e+00 2.0e+03 2.0e+03 1.0e+03 1.0e+00 2.0e+03 2.0e+03 1.0e+03
 1.0e+00 2.0e+03 2.0e+03 1.0e+03 1.0e+00 2.0e+03 2.0e+03 1.0e+03 1.0e+00
 2.0e+03 2.0e+03 1.0e+03 1.0e+00 2.0e+03 2.0e+03 1.0e+03 1.0e+00 2.0e+03
 2.0e+03 1.0e+03 2.0e+03 2.0e+03 1.8e+02 1.0e+00 2.0e+03 2.0e+03 1.0e+03
 2.0e+03 2.0e+03 1.8e+02 1.0e+00 2.0e+03 2.0e+03 1.0e+03 2.0e+03 2.0e+03
 1.8e+02 1.0e+00 2.0e+03 2.0e+03 1.0e+03 2.0e+03 2.0e+03 1.8e+02 1.0e+00
 2.0e+03 2.0e+03 1.0e+03 2.0e+03 2.0e+03 1.8e+02 1.0e+00 2.0e+03 2.0e+03
 1.0e+03 2.0e+03 2.0e+03 1.8e+02 1.0e+00 2.0e+03 2.0e+03 1.0e+03 2.0e+03
 2.0e+03 1.8e+02 1.0e+00 2.0e+03 2.0e+03 1.0e+03 2.0e+03 2.0e+03 1.8e+02
 1.0e+00], (154,), float64), Box([ 0.e+00  0.e+00  0.e+00  0.e+00 -2.e+03 -2.e+03 -2.e+03 -2.e+03 -2.e+03
 -2.e+03 -2.e+03 -2.e+03  0.e+00 -2.e+03 -2.e+03  0.e+00 -2.e+03 -2.e+03
  0.e+00  0.e+00  0.e+00  0.e+00 -2.e+03 -2.e+03  0.e+00 -1.e+00 -1.e+00
 -2.e+03 -2.e+03  0.e+00 -1.e+00 -1.e+00 -2.e+03 -2.e+03  0.e+00 -1.e+00
 -1.e+00 -2.e+03 -2.e+03  0.e+00 -1.e+00 -1.e+00 -2.e+03 -2.e+03  0.e+00
 -1.e+00 -1.e+00 -2.e+03 -2.e+03  0.e+00 -1.e+00 -1.e+00 -2.e+03 -2.e+03
  0.e+00 -1.e+00 -1.e+00 -2.e+03 -2.e+03  0.e+00 -1.e+00 -1.e+00 -2.e+03
 -2.e+03  0.e+00 -1.e+00 -2.e+03 -2.e+03  0.e+00 -1.e+00 -2.e+03 -2.e+03
  0.e+00 -1.e+00 -2.e+03 -2.e+03  0.e+00 -1.e+00 -2.e+03 -2.e+03  0.e+00
 -1.e+00 -2.e+03 -2.e+03  0.e+00 -1.e+00 -2.e+03 -2.e+03  0.e+00 -1.e+00
 -2.e+03 -2.e+03  0.e+00 -1.e+00 -2.e+03 -2.e+03  0.e+00 -1.e+00 -2.e+03
 -2.e+03  0.e+00 -2.e+03 -2.e+03  0.e+00 -1.e+00 -2.e+03 -2.e+03  0.e+00
 -2.e+03 -2.e+03  0.e+00 -1.e+00 -2.e+03 -2.e+03  0.e+00 -2.e+03 -2.e+03
  0.e+00 -1.e+00 -2.e+03 -2.e+03  0.e+00 -2.e+03 -2.e+03  0.e+00 -1.e+00
 -2.e+03 -2.e+03  0.e+00 -2.e+03 -2.e+03  0.e+00 -1.e+00 -2.e+03 -2.e+03
  0.e+00 -2.e+03 -2.e+03  0.e+00 -1.e+00 -2.e+03 -2.e+03  0.e+00 -2.e+03
 -2.e+03  0.e+00 -1.e+00 -2.e+03 -2.e+03  0.e+00 -2.e+03 -2.e+03  0.e+00
 -1.e+00], [    inf     inf     inf     inf 2.0e+03 2.0e+03 2.0e+03 2.0e+03 2.0e+03
 2.0e+03 2.0e+03 2.0e+03 1.0e+03 2.0e+03 2.0e+03 1.0e+03 2.0e+03 2.0e+03
 1.8e+02 2.0e+03 1.8e+02 1.8e+02 2.0e+03 2.0e+03 2.0e+03 1.0e+00 1.0e+00
 2.0e+03 2.0e+03 2.0e+03 1.0e+00 1.0e+00 2.0e+03 2.0e+03 2.0e+03 1.0e+00
 1.0e+00 2.0e+03 2.0e+03 2.0e+03 1.0e+00 1.0e+00 2.0e+03 2.0e+03 2.0e+03
 1.0e+00 1.0e+00 2.0e+03 2.0e+03 2.0e+03 1.0e+00 1.0e+00 2.0e+03 2.0e+03
 2.0e+03 1.0e+00 1.0e+00 2.0e+03 2.0e+03 2.0e+03 1.0e+00 1.0e+00 2.0e+03
 2.0e+03 1.0e+03 1.0e+00 2.0e+03 2.0e+03 1.0e+03 1.0e+00 2.0e+03 2.0e+03
 1.0e+03 1.0e+00 2.0e+03 2.0e+03 1.0e+03 1.0e+00 2.0e+03 2.0e+03 1.0e+03
 1.0e+00 2.0e+03 2.0e+03 1.0e+03 1.0e+00 2.0e+03 2.0e+03 1.0e+03 1.0e+00
 2.0e+03 2.0e+03 1.0e+03 1.0e+00 2.0e+03 2.0e+03 1.0e+03 1.0e+00 2.0e+03
 2.0e+03 1.0e+03 2.0e+03 2.0e+03 1.8e+02 1.0e+00 2.0e+03 2.0e+03 1.0e+03
 2.0e+03 2.0e+03 1.8e+02 1.0e+00 2.0e+03 2.0e+03 1.0e+03 2.0e+03 2.0e+03
 1.8e+02 1.0e+00 2.0e+03 2.0e+03 1.0e+03 2.0e+03 2.0e+03 1.8e+02 1.0e+00
 2.0e+03 2.0e+03 1.0e+03 2.0e+03 2.0e+03 1.8e+02 1.0e+00 2.0e+03 2.0e+03
 1.0e+03 2.0e+03 2.0e+03 1.8e+02 1.0e+00 2.0e+03 2.0e+03 1.0e+03 2.0e+03
 2.0e+03 1.8e+02 1.0e+00 2.0e+03 2.0e+03 1.0e+03 2.0e+03 2.0e+03 1.8e+02
 1.0e+00], (154,), float64), Box([ 0.e+00  0.e+00  0.e+00  0.e+00 -2.e+03 -2.e+03 -2.e+03 -2.e+03 -2.e+03
 -2.e+03 -2.e+03 -2.e+03  0.e+00 -2.e+03 -2.e+03  0.e+00 -2.e+03 -2.e+03
  0.e+00  0.e+00  0.e+00  0.e+00 -2.e+03 -2.e+03  0.e+00 -1.e+00 -1.e+00
 -2.e+03 -2.e+03  0.e+00 -1.e+00 -1.e+00 -2.e+03 -2.e+03  0.e+00 -1.e+00
 -1.e+00 -2.e+03 -2.e+03  0.e+00 -1.e+00 -1.e+00 -2.e+03 -2.e+03  0.e+00
 -1.e+00 -1.e+00 -2.e+03 -2.e+03  0.e+00 -1.e+00 -1.e+00 -2.e+03 -2.e+03
  0.e+00 -1.e+00 -1.e+00 -2.e+03 -2.e+03  0.e+00 -1.e+00 -1.e+00 -2.e+03
 -2.e+03  0.e+00 -1.e+00 -2.e+03 -2.e+03  0.e+00 -1.e+00 -2.e+03 -2.e+03
  0.e+00 -1.e+00 -2.e+03 -2.e+03  0.e+00 -1.e+00 -2.e+03 -2.e+03  0.e+00
 -1.e+00 -2.e+03 -2.e+03  0.e+00 -1.e+00 -2.e+03 -2.e+03  0.e+00 -1.e+00
 -2.e+03 -2.e+03  0.e+00 -1.e+00 -2.e+03 -2.e+03  0.e+00 -1.e+00 -2.e+03
 -2.e+03  0.e+00 -2.e+03 -2.e+03  0.e+00 -1.e+00 -2.e+03 -2.e+03  0.e+00
 -2.e+03 -2.e+03  0.e+00 -1.e+00 -2.e+03 -2.e+03  0.e+00 -2.e+03 -2.e+03
  0.e+00 -1.e+00 -2.e+03 -2.e+03  0.e+00 -2.e+03 -2.e+03  0.e+00 -1.e+00
 -2.e+03 -2.e+03  0.e+00 -2.e+03 -2.e+03  0.e+00 -1.e+00 -2.e+03 -2.e+03
  0.e+00 -2.e+03 -2.e+03  0.e+00 -1.e+00 -2.e+03 -2.e+03  0.e+00 -2.e+03
 -2.e+03  0.e+00 -1.e+00 -2.e+03 -2.e+03  0.e+00 -2.e+03 -2.e+03  0.e+00
 -1.e+00], [    inf     inf     inf     inf 2.0e+03 2.0e+03 2.0e+03 2.0e+03 2.0e+03
 2.0e+03 2.0e+03 2.0e+03 1.0e+03 2.0e+03 2.0e+03 1.0e+03 2.0e+03 2.0e+03
 1.8e+02 2.0e+03 1.8e+02 1.8e+02 2.0e+03 2.0e+03 2.0e+03 1.0e+00 1.0e+00
 2.0e+03 2.0e+03 2.0e+03 1.0e+00 1.0e+00 2.0e+03 2.0e+03 2.0e+03 1.0e+00
 1.0e+00 2.0e+03 2.0e+03 2.0e+03 1.0e+00 1.0e+00 2.0e+03 2.0e+03 2.0e+03
 1.0e+00 1.0e+00 2.0e+03 2.0e+03 2.0e+03 1.0e+00 1.0e+00 2.0e+03 2.0e+03
 2.0e+03 1.0e+00 1.0e+00 2.0e+03 2.0e+03 2.0e+03 1.0e+00 1.0e+00 2.0e+03
 2.0e+03 1.0e+03 1.0e+00 2.0e+03 2.0e+03 1.0e+03 1.0e+00 2.0e+03 2.0e+03
 1.0e+03 1.0e+00 2.0e+03 2.0e+03 1.0e+03 1.0e+00 2.0e+03 2.0e+03 1.0e+03
 1.0e+00 2.0e+03 2.0e+03 1.0e+03 1.0e+00 2.0e+03 2.0e+03 1.0e+03 1.0e+00
 2.0e+03 2.0e+03 1.0e+03 1.0e+00 2.0e+03 2.0e+03 1.0e+03 1.0e+00 2.0e+03
 2.0e+03 1.0e+03 2.0e+03 2.0e+03 1.8e+02 1.0e+00 2.0e+03 2.0e+03 1.0e+03
 2.0e+03 2.0e+03 1.8e+02 1.0e+00 2.0e+03 2.0e+03 1.0e+03 2.0e+03 2.0e+03
 1.8e+02 1.0e+00 2.0e+03 2.0e+03 1.0e+03 2.0e+03 2.0e+03 1.8e+02 1.0e+00
 2.0e+03 2.0e+03 1.0e+03 2.0e+03 2.0e+03 1.8e+02 1.0e+00 2.0e+03 2.0e+03
 1.0e+03 2.0e+03 2.0e+03 1.8e+02 1.0e+00 2.0e+03 2.0e+03 1.0e+03 2.0e+03
 2.0e+03 1.8e+02 1.0e+00 2.0e+03 2.0e+03 1.0e+03 2.0e+03 2.0e+03 1.8e+02
 1.0e+00], (154,), float64), Box([ 0.e+00  0.e+00  0.e+00  0.e+00 -2.e+03 -2.e+03 -2.e+03 -2.e+03 -2.e+03
 -2.e+03 -2.e+03 -2.e+03  0.e+00 -2.e+03 -2.e+03  0.e+00 -2.e+03 -2.e+03
  0.e+00  0.e+00  0.e+00  0.e+00 -2.e+03 -2.e+03  0.e+00 -1.e+00 -1.e+00
 -2.e+03 -2.e+03  0.e+00 -1.e+00 -1.e+00 -2.e+03 -2.e+03  0.e+00 -1.e+00
 -1.e+00 -2.e+03 -2.e+03  0.e+00 -1.e+00 -1.e+00 -2.e+03 -2.e+03  0.e+00
 -1.e+00 -1.e+00 -2.e+03 -2.e+03  0.e+00 -1.e+00 -1.e+00 -2.e+03 -2.e+03
  0.e+00 -1.e+00 -1.e+00 -2.e+03 -2.e+03  0.e+00 -1.e+00 -1.e+00 -2.e+03
 -2.e+03  0.e+00 -1.e+00 -2.e+03 -2.e+03  0.e+00 -1.e+00 -2.e+03 -2.e+03
  0.e+00 -1.e+00 -2.e+03 -2.e+03  0.e+00 -1.e+00 -2.e+03 -2.e+03  0.e+00
 -1.e+00 -2.e+03 -2.e+03  0.e+00 -1.e+00 -2.e+03 -2.e+03  0.e+00 -1.e+00
 -2.e+03 -2.e+03  0.e+00 -1.e+00 -2.e+03 -2.e+03  0.e+00 -1.e+00 -2.e+03
 -2.e+03  0.e+00 -2.e+03 -2.e+03  0.e+00 -1.e+00 -2.e+03 -2.e+03  0.e+00
 -2.e+03 -2.e+03  0.e+00 -1.e+00 -2.e+03 -2.e+03  0.e+00 -2.e+03 -2.e+03
  0.e+00 -1.e+00 -2.e+03 -2.e+03  0.e+00 -2.e+03 -2.e+03  0.e+00 -1.e+00
 -2.e+03 -2.e+03  0.e+00 -2.e+03 -2.e+03  0.e+00 -1.e+00 -2.e+03 -2.e+03
  0.e+00 -2.e+03 -2.e+03  0.e+00 -1.e+00 -2.e+03 -2.e+03  0.e+00 -2.e+03
 -2.e+03  0.e+00 -1.e+00 -2.e+03 -2.e+03  0.e+00 -2.e+03 -2.e+03  0.e+00
 -1.e+00], [    inf     inf     inf     inf 2.0e+03 2.0e+03 2.0e+03 2.0e+03 2.0e+03
 2.0e+03 2.0e+03 2.0e+03 1.0e+03 2.0e+03 2.0e+03 1.0e+03 2.0e+03 2.0e+03
 1.8e+02 2.0e+03 1.8e+02 1.8e+02 2.0e+03 2.0e+03 2.0e+03 1.0e+00 1.0e+00
 2.0e+03 2.0e+03 2.0e+03 1.0e+00 1.0e+00 2.0e+03 2.0e+03 2.0e+03 1.0e+00
 1.0e+00 2.0e+03 2.0e+03 2.0e+03 1.0e+00 1.0e+00 2.0e+03 2.0e+03 2.0e+03
 1.0e+00 1.0e+00 2.0e+03 2.0e+03 2.0e+03 1.0e+00 1.0e+00 2.0e+03 2.0e+03
 2.0e+03 1.0e+00 1.0e+00 2.0e+03 2.0e+03 2.0e+03 1.0e+00 1.0e+00 2.0e+03
 2.0e+03 1.0e+03 1.0e+00 2.0e+03 2.0e+03 1.0e+03 1.0e+00 2.0e+03 2.0e+03
 1.0e+03 1.0e+00 2.0e+03 2.0e+03 1.0e+03 1.0e+00 2.0e+03 2.0e+03 1.0e+03
 1.0e+00 2.0e+03 2.0e+03 1.0e+03 1.0e+00 2.0e+03 2.0e+03 1.0e+03 1.0e+00
 2.0e+03 2.0e+03 1.0e+03 1.0e+00 2.0e+03 2.0e+03 1.0e+03 1.0e+00 2.0e+03
 2.0e+03 1.0e+03 2.0e+03 2.0e+03 1.8e+02 1.0e+00 2.0e+03 2.0e+03 1.0e+03
 2.0e+03 2.0e+03 1.8e+02 1.0e+00 2.0e+03 2.0e+03 1.0e+03 2.0e+03 2.0e+03
 1.8e+02 1.0e+00 2.0e+03 2.0e+03 1.0e+03 2.0e+03 2.0e+03 1.8e+02 1.0e+00
 2.0e+03 2.0e+03 1.0e+03 2.0e+03 2.0e+03 1.8e+02 1.0e+00 2.0e+03 2.0e+03
 1.0e+03 2.0e+03 2.0e+03 1.8e+02 1.0e+00 2.0e+03 2.0e+03 1.0e+03 2.0e+03
 2.0e+03 1.8e+02 1.0e+00 2.0e+03 2.0e+03 1.0e+03 2.0e+03 2.0e+03 1.8e+02
 1.0e+00], (154,), float64))
  shape:  None
  dtype:  None
  spaces:

  [0]
    type:   <class 'gymnasium.spaces.box.Box'>
    space:  Box([ 0.e+00  0.e+00  0.e+00  0.e+00 -2.e+03 -2.e+03 -2.e+03 -2.e+03 -2.e+03
 -2.e+03 -2.e+03 -2.e+03  0.e+00 -2.e+03 -2.e+03  0.e+00 -2.e+03 -2.e+03
  0.e+00  0.e+00  0.e+00  0.e+00 -2.e+03 -2.e+03  0.e+00 -1.e+00 -1.e+00
 -2.e+03 -2.e+03  0.e+00 -1.e+00 -1.e+00 -2.e+03 -2.e+03  0.e+00 -1.e+00
 -1.e+00 -2.e+03 -2.e+03  0.e+00 -1.e+00 -1.e+00 -2.e+03 -2.e+03  0.e+00
 -1.e+00 -1.e+00 -2.e+03 -2.e+03  0.e+00 -1.e+00 -1.e+00 -2.e+03 -2.e+03
  0.e+00 -1.e+00 -1.e+00 -2.e+03 -2.e+03  0.e+00 -1.e+00 -1.e+00 -2.e+03
 -2.e+03  0.e+00 -1.e+00 -2.e+03 -2.e+03  0.e+00 -1.e+00 -2.e+03 -2.e+03
  0.e+00 -1.e+00 -2.e+03 -2.e+03  0.e+00 -1.e+00 -2.e+03 -2.e+03  0.e+00
 -1.e+00 -2.e+03 -2.e+03  0.e+00 -1.e+00 -2.e+03 -2.e+03  0.e+00 -1.e+00
 -2.e+03 -2.e+03  0.e+00 -1.e+00 -2.e+03 -2.e+03  0.e+00 -1.e+00 -2.e+03
 -2.e+03  0.e+00 -2.e+03 -2.e+03  0.e+00 -1.e+00 -2.e+03 -2.e+03  0.e+00
 -2.e+03 -2.e+03  0.e+00 -1.e+00 -2.e+03 -2.e+03  0.e+00 -2.e+03 -2.e+03
  0.e+00 -1.e+00 -2.e+03 -2.e+03  0.e+00 -2.e+03 -2.e+03  0.e+00 -1.e+00
 -2.e+03 -2.e+03  0.e+00 -2.e+03 -2.e+03  0.e+00 -1.e+00 -2.e+03 -2.e+03
  0.e+00 -2.e+03 -2.e+03  0.e+00 -1.e+00 -2.e+03 -2.e+03  0.e+00 -2.e+03
 -2.e+03  0.e+00 -1.e+00 -2.e+03 -2.e+03  0.e+00 -2.e+03 -2.e+03  0.e+00
 -1.e+00], [    inf     inf     inf     inf 2.0e+03 2.0e+03 2.0e+03 2.0e+03 2.0e+03
 2.0e+03 2.0e+03 2.0e+03 1.0e+03 2.0e+03 2.0e+03 1.0e+03 2.0e+03 2.0e+03
 1.8e+02 2.0e+03 1.8e+02 1.8e+02 2.0e+03 2.0e+03 2.0e+03 1.0e+00 1.0e+00
 2.0e+03 2.0e+03 2.0e+03 1.0e+00 1.0e+00 2.0e+03 2.0e+03 2.0e+03 1.0e+00
 1.0e+00 2.0e+03 2.0e+03 2.0e+03 1.0e+00 1.0e+00 2.0e+03 2.0e+03 2.0e+03
 1.0e+00 1.0e+00 2.0e+03 2.0e+03 2.0e+03 1.0e+00 1.0e+00 2.0e+03 2.0e+03
 2.0e+03 1.0e+00 1.0e+00 2.0e+03 2.0e+03 2.0e+03 1.0e+00 1.0e+00 2.0e+03
 2.0e+03 1.0e+03 1.0e+00 2.0e+03 2.0e+03 1.0e+03 1.0e+00 2.0e+03 2.0e+03
 1.0e+03 1.0e+00 2.0e+03 2.0e+03 1.0e+03 1.0e+00 2.0e+03 2.0e+03 1.0e+03
 1.0e+00 2.0e+03 2.0e+03 1.0e+03 1.0e+00 2.0e+03 2.0e+03 1.0e+03 1.0e+00
 2.0e+03 2.0e+03 1.0e+03 1.0e+00 2.0e+03 2.0e+03 1.0e+03 1.0e+00 2.0e+03
 2.0e+03 1.0e+03 2.0e+03 2.0e+03 1.8e+02 1.0e+00 2.0e+03 2.0e+03 1.0e+03
 2.0e+03 2.0e+03 1.8e+02 1.0e+00 2.0e+03 2.0e+03 1.0e+03 2.0e+03 2.0e+03
 1.8e+02 1.0e+00 2.0e+03 2.0e+03 1.0e+03 2.0e+03 2.0e+03 1.8e+02 1.0e+00
 2.0e+03 2.0e+03 1.0e+03 2.0e+03 2.0e+03 1.8e+02 1.0e+00 2.0e+03 2.0e+03
 1.0e+03 2.0e+03 2.0e+03 1.8e+02 1.0e+00 2.0e+03 2.0e+03 1.0e+03 2.0e+03
 2.0e+03 1.8e+02 1.0e+00 2.0e+03 2.0e+03 1.0e+03 2.0e+03 2.0e+03 1.8e+02
 1.0e+00], (154,), float64)
    shape:  (154,)
    dtype:  float64

  [1]
    type:   <class 'gymnasium.spaces.box.Box'>
    space:  Box([ 0.e+00  0.e+00  0.e+00  0.e+00 -2.e+03 -2.e+03 -2.e+03 -2.e+03 -2.e+03
 -2.e+03 -2.e+03 -2.e+03  0.e+00 -2.e+03 -2.e+03  0.e+00 -2.e+03 -2.e+03
  0.e+00  0.e+00  0.e+00  0.e+00 -2.e+03 -2.e+03  0.e+00 -1.e+00 -1.e+00
 -2.e+03 -2.e+03  0.e+00 -1.e+00 -1.e+00 -2.e+03 -2.e+03  0.e+00 -1.e+00
 -1.e+00 -2.e+03 -2.e+03  0.e+00 -1.e+00 -1.e+00 -2.e+03 -2.e+03  0.e+00
 -1.e+00 -1.e+00 -2.e+03 -2.e+03  0.e+00 -1.e+00 -1.e+00 -2.e+03 -2.e+03
  0.e+00 -1.e+00 -1.e+00 -2.e+03 -2.e+03  0.e+00 -1.e+00 -1.e+00 -2.e+03
 -2.e+03  0.e+00 -1.e+00 -2.e+03 -2.e+03  0.e+00 -1.e+00 -2.e+03 -2.e+03
  0.e+00 -1.e+00 -2.e+03 -2.e+03  0.e+00 -1.e+00 -2.e+03 -2.e+03  0.e+00
 -1.e+00 -2.e+03 -2.e+03  0.e+00 -1.e+00 -2.e+03 -2.e+03  0.e+00 -1.e+00
 -2.e+03 -2.e+03  0.e+00 -1.e+00 -2.e+03 -2.e+03  0.e+00 -1.e+00 -2.e+03
 -2.e+03  0.e+00 -2.e+03 -2.e+03  0.e+00 -1.e+00 -2.e+03 -2.e+03  0.e+00
 -2.e+03 -2.e+03  0.e+00 -1.e+00 -2.e+03 -2.e+03  0.e+00 -2.e+03 -2.e+03
  0.e+00 -1.e+00 -2.e+03 -2.e+03  0.e+00 -2.e+03 -2.e+03  0.e+00 -1.e+00
 -2.e+03 -2.e+03  0.e+00 -2.e+03 -2.e+03  0.e+00 -1.e+00 -2.e+03 -2.e+03
  0.e+00 -2.e+03 -2.e+03  0.e+00 -1.e+00 -2.e+03 -2.e+03  0.e+00 -2.e+03
 -2.e+03  0.e+00 -1.e+00 -2.e+03 -2.e+03  0.e+00 -2.e+03 -2.e+03  0.e+00
 -1.e+00], [    inf     inf     inf     inf 2.0e+03 2.0e+03 2.0e+03 2.0e+03 2.0e+03
 2.0e+03 2.0e+03 2.0e+03 1.0e+03 2.0e+03 2.0e+03 1.0e+03 2.0e+03 2.0e+03
 1.8e+02 2.0e+03 1.8e+02 1.8e+02 2.0e+03 2.0e+03 2.0e+03 1.0e+00 1.0e+00
 2.0e+03 2.0e+03 2.0e+03 1.0e+00 1.0e+00 2.0e+03 2.0e+03 2.0e+03 1.0e+00
 1.0e+00 2.0e+03 2.0e+03 2.0e+03 1.0e+00 1.0e+00 2.0e+03 2.0e+03 2.0e+03
 1.0e+00 1.0e+00 2.0e+03 2.0e+03 2.0e+03 1.0e+00 1.0e+00 2.0e+03 2.0e+03
 2.0e+03 1.0e+00 1.0e+00 2.0e+03 2.0e+03 2.0e+03 1.0e+00 1.0e+00 2.0e+03
 2.0e+03 1.0e+03 1.0e+00 2.0e+03 2.0e+03 1.0e+03 1.0e+00 2.0e+03 2.0e+03
 1.0e+03 1.0e+00 2.0e+03 2.0e+03 1.0e+03 1.0e+00 2.0e+03 2.0e+03 1.0e+03
 1.0e+00 2.0e+03 2.0e+03 1.0e+03 1.0e+00 2.0e+03 2.0e+03 1.0e+03 1.0e+00
 2.0e+03 2.0e+03 1.0e+03 1.0e+00 2.0e+03 2.0e+03 1.0e+03 1.0e+00 2.0e+03
 2.0e+03 1.0e+03 2.0e+03 2.0e+03 1.8e+02 1.0e+00 2.0e+03 2.0e+03 1.0e+03
 2.0e+03 2.0e+03 1.8e+02 1.0e+00 2.0e+03 2.0e+03 1.0e+03 2.0e+03 2.0e+03
 1.8e+02 1.0e+00 2.0e+03 2.0e+03 1.0e+03 2.0e+03 2.0e+03 1.8e+02 1.0e+00
 2.0e+03 2.0e+03 1.0e+03 2.0e+03 2.0e+03 1.8e+02 1.0e+00 2.0e+03 2.0e+03
 1.0e+03 2.0e+03 2.0e+03 1.8e+02 1.0e+00 2.0e+03 2.0e+03 1.0e+03 2.0e+03
 2.0e+03 1.8e+02 1.0e+00 2.0e+03 2.0e+03 1.0e+03 2.0e+03 2.0e+03 1.8e+02
 1.0e+00], (154,), float64)
    shape:  (154,)
    dtype:  float64

  [2]
    type:   <class 'gymnasium.spaces.box.Box'>
    space:  Box([ 0.e+00  0.e+00  0.e+00  0.e+00 -2.e+03 -2.e+03 -2.e+03 -2.e+03 -2.e+03
 -2.e+03 -2.e+03 -2.e+03  0.e+00 -2.e+03 -2.e+03  0.e+00 -2.e+03 -2.e+03
  0.e+00  0.e+00  0.e+00  0.e+00 -2.e+03 -2.e+03  0.e+00 -1.e+00 -1.e+00
 -2.e+03 -2.e+03  0.e+00 -1.e+00 -1.e+00 -2.e+03 -2.e+03  0.e+00 -1.e+00
 -1.e+00 -2.e+03 -2.e+03  0.e+00 -1.e+00 -1.e+00 -2.e+03 -2.e+03  0.e+00
 -1.e+00 -1.e+00 -2.e+03 -2.e+03  0.e+00 -1.e+00 -1.e+00 -2.e+03 -2.e+03
  0.e+00 -1.e+00 -1.e+00 -2.e+03 -2.e+03  0.e+00 -1.e+00 -1.e+00 -2.e+03
 -2.e+03  0.e+00 -1.e+00 -2.e+03 -2.e+03  0.e+00 -1.e+00 -2.e+03 -2.e+03
  0.e+00 -1.e+00 -2.e+03 -2.e+03  0.e+00 -1.e+00 -2.e+03 -2.e+03  0.e+00
 -1.e+00 -2.e+03 -2.e+03  0.e+00 -1.e+00 -2.e+03 -2.e+03  0.e+00 -1.e+00
 -2.e+03 -2.e+03  0.e+00 -1.e+00 -2.e+03 -2.e+03  0.e+00 -1.e+00 -2.e+03
 -2.e+03  0.e+00 -2.e+03 -2.e+03  0.e+00 -1.e+00 -2.e+03 -2.e+03  0.e+00
 -2.e+03 -2.e+03  0.e+00 -1.e+00 -2.e+03 -2.e+03  0.e+00 -2.e+03 -2.e+03
  0.e+00 -1.e+00 -2.e+03 -2.e+03  0.e+00 -2.e+03 -2.e+03  0.e+00 -1.e+00
 -2.e+03 -2.e+03  0.e+00 -2.e+03 -2.e+03  0.e+00 -1.e+00 -2.e+03 -2.e+03
  0.e+00 -2.e+03 -2.e+03  0.e+00 -1.e+00 -2.e+03 -2.e+03  0.e+00 -2.e+03
 -2.e+03  0.e+00 -1.e+00 -2.e+03 -2.e+03  0.e+00 -2.e+03 -2.e+03  0.e+00
 -1.e+00], [    inf     inf     inf     inf 2.0e+03 2.0e+03 2.0e+03 2.0e+03 2.0e+03
 2.0e+03 2.0e+03 2.0e+03 1.0e+03 2.0e+03 2.0e+03 1.0e+03 2.0e+03 2.0e+03
 1.8e+02 2.0e+03 1.8e+02 1.8e+02 2.0e+03 2.0e+03 2.0e+03 1.0e+00 1.0e+00
 2.0e+03 2.0e+03 2.0e+03 1.0e+00 1.0e+00 2.0e+03 2.0e+03 2.0e+03 1.0e+00
 1.0e+00 2.0e+03 2.0e+03 2.0e+03 1.0e+00 1.0e+00 2.0e+03 2.0e+03 2.0e+03
 1.0e+00 1.0e+00 2.0e+03 2.0e+03 2.0e+03 1.0e+00 1.0e+00 2.0e+03 2.0e+03
 2.0e+03 1.0e+00 1.0e+00 2.0e+03 2.0e+03 2.0e+03 1.0e+00 1.0e+00 2.0e+03
 2.0e+03 1.0e+03 1.0e+00 2.0e+03 2.0e+03 1.0e+03 1.0e+00 2.0e+03 2.0e+03
 1.0e+03 1.0e+00 2.0e+03 2.0e+03 1.0e+03 1.0e+00 2.0e+03 2.0e+03 1.0e+03
 1.0e+00 2.0e+03 2.0e+03 1.0e+03 1.0e+00 2.0e+03 2.0e+03 1.0e+03 1.0e+00
 2.0e+03 2.0e+03 1.0e+03 1.0e+00 2.0e+03 2.0e+03 1.0e+03 1.0e+00 2.0e+03
 2.0e+03 1.0e+03 2.0e+03 2.0e+03 1.8e+02 1.0e+00 2.0e+03 2.0e+03 1.0e+03
 2.0e+03 2.0e+03 1.8e+02 1.0e+00 2.0e+03 2.0e+03 1.0e+03 2.0e+03 2.0e+03
 1.8e+02 1.0e+00 2.0e+03 2.0e+03 1.0e+03 2.0e+03 2.0e+03 1.8e+02 1.0e+00
 2.0e+03 2.0e+03 1.0e+03 2.0e+03 2.0e+03 1.8e+02 1.0e+00 2.0e+03 2.0e+03
 1.0e+03 2.0e+03 2.0e+03 1.8e+02 1.0e+00 2.0e+03 2.0e+03 1.0e+03 2.0e+03
 2.0e+03 1.8e+02 1.0e+00 2.0e+03 2.0e+03 1.0e+03 2.0e+03 2.0e+03 1.8e+02
 1.0e+00], (154,), float64)
    shape:  (154,)
    dtype:  float64

  [3]
    type:   <class 'gymnasium.spaces.box.Box'>
    space:  Box([ 0.e+00  0.e+00  0.e+00  0.e+00 -2.e+03 -2.e+03 -2.e+03 -2.e+03 -2.e+03
 -2.e+03 -2.e+03 -2.e+03  0.e+00 -2.e+03 -2.e+03  0.e+00 -2.e+03 -2.e+03
  0.e+00  0.e+00  0.e+00  0.e+00 -2.e+03 -2.e+03  0.e+00 -1.e+00 -1.e+00
 -2.e+03 -2.e+03  0.e+00 -1.e+00 -1.e+00 -2.e+03 -2.e+03  0.e+00 -1.e+00
 -1.e+00 -2.e+03 -2.e+03  0.e+00 -1.e+00 -1.e+00 -2.e+03 -2.e+03  0.e+00
 -1.e+00 -1.e+00 -2.e+03 -2.e+03  0.e+00 -1.e+00 -1.e+00 -2.e+03 -2.e+03
  0.e+00 -1.e+00 -1.e+00 -2.e+03 -2.e+03  0.e+00 -1.e+00 -1.e+00 -2.e+03
 -2.e+03  0.e+00 -1.e+00 -2.e+03 -2.e+03  0.e+00 -1.e+00 -2.e+03 -2.e+03
  0.e+00 -1.e+00 -2.e+03 -2.e+03  0.e+00 -1.e+00 -2.e+03 -2.e+03  0.e+00
 -1.e+00 -2.e+03 -2.e+03  0.e+00 -1.e+00 -2.e+03 -2.e+03  0.e+00 -1.e+00
 -2.e+03 -2.e+03  0.e+00 -1.e+00 -2.e+03 -2.e+03  0.e+00 -1.e+00 -2.e+03
 -2.e+03  0.e+00 -2.e+03 -2.e+03  0.e+00 -1.e+00 -2.e+03 -2.e+03  0.e+00
 -2.e+03 -2.e+03  0.e+00 -1.e+00 -2.e+03 -2.e+03  0.e+00 -2.e+03 -2.e+03
  0.e+00 -1.e+00 -2.e+03 -2.e+03  0.e+00 -2.e+03 -2.e+03  0.e+00 -1.e+00
 -2.e+03 -2.e+03  0.e+00 -2.e+03 -2.e+03  0.e+00 -1.e+00 -2.e+03 -2.e+03
  0.e+00 -2.e+03 -2.e+03  0.e+00 -1.e+00 -2.e+03 -2.e+03  0.e+00 -2.e+03
 -2.e+03  0.e+00 -1.e+00 -2.e+03 -2.e+03  0.e+00 -2.e+03 -2.e+03  0.e+00
 -1.e+00], [    inf     inf     inf     inf 2.0e+03 2.0e+03 2.0e+03 2.0e+03 2.0e+03
 2.0e+03 2.0e+03 2.0e+03 1.0e+03 2.0e+03 2.0e+03 1.0e+03 2.0e+03 2.0e+03
 1.8e+02 2.0e+03 1.8e+02 1.8e+02 2.0e+03 2.0e+03 2.0e+03 1.0e+00 1.0e+00
 2.0e+03 2.0e+03 2.0e+03 1.0e+00 1.0e+00 2.0e+03 2.0e+03 2.0e+03 1.0e+00
 1.0e+00 2.0e+03 2.0e+03 2.0e+03 1.0e+00 1.0e+00 2.0e+03 2.0e+03 2.0e+03
 1.0e+00 1.0e+00 2.0e+03 2.0e+03 2.0e+03 1.0e+00 1.0e+00 2.0e+03 2.0e+03
 2.0e+03 1.0e+00 1.0e+00 2.0e+03 2.0e+03 2.0e+03 1.0e+00 1.0e+00 2.0e+03
 2.0e+03 1.0e+03 1.0e+00 2.0e+03 2.0e+03 1.0e+03 1.0e+00 2.0e+03 2.0e+03
 1.0e+03 1.0e+00 2.0e+03 2.0e+03 1.0e+03 1.0e+00 2.0e+03 2.0e+03 1.0e+03
 1.0e+00 2.0e+03 2.0e+03 1.0e+03 1.0e+00 2.0e+03 2.0e+03 1.0e+03 1.0e+00
 2.0e+03 2.0e+03 1.0e+03 1.0e+00 2.0e+03 2.0e+03 1.0e+03 1.0e+00 2.0e+03
 2.0e+03 1.0e+03 2.0e+03 2.0e+03 1.8e+02 1.0e+00 2.0e+03 2.0e+03 1.0e+03
 2.0e+03 2.0e+03 1.8e+02 1.0e+00 2.0e+03 2.0e+03 1.0e+03 2.0e+03 2.0e+03
 1.8e+02 1.0e+00 2.0e+03 2.0e+03 1.0e+03 2.0e+03 2.0e+03 1.8e+02 1.0e+00
 2.0e+03 2.0e+03 1.0e+03 2.0e+03 2.0e+03 1.8e+02 1.0e+00 2.0e+03 2.0e+03
 1.0e+03 2.0e+03 2.0e+03 1.8e+02 1.0e+00 2.0e+03 2.0e+03 1.0e+03 2.0e+03
 2.0e+03 1.8e+02 1.0e+00 2.0e+03 2.0e+03 1.0e+03 2.0e+03 2.0e+03 1.8e+02
 1.0e+00], (154,), float64)
    shape:  (154,)
    dtype:  float64

  [4]
    type:   <class 'gymnasium.spaces.box.Box'>
    space:  Box([ 0.e+00  0.e+00  0.e+00  0.e+00 -2.e+03 -2.e+03 -2.e+03 -2.e+03 -2.e+03
 -2.e+03 -2.e+03 -2.e+03  0.e+00 -2.e+03 -2.e+03  0.e+00 -2.e+03 -2.e+03
  0.e+00  0.e+00  0.e+00  0.e+00 -2.e+03 -2.e+03  0.e+00 -1.e+00 -1.e+00
 -2.e+03 -2.e+03  0.e+00 -1.e+00 -1.e+00 -2.e+03 -2.e+03  0.e+00 -1.e+00
 -1.e+00 -2.e+03 -2.e+03  0.e+00 -1.e+00 -1.e+00 -2.e+03 -2.e+03  0.e+00
 -1.e+00 -1.e+00 -2.e+03 -2.e+03  0.e+00 -1.e+00 -1.e+00 -2.e+03 -2.e+03
  0.e+00 -1.e+00 -1.e+00 -2.e+03 -2.e+03  0.e+00 -1.e+00 -1.e+00 -2.e+03
 -2.e+03  0.e+00 -1.e+00 -2.e+03 -2.e+03  0.e+00 -1.e+00 -2.e+03 -2.e+03
  0.e+00 -1.e+00 -2.e+03 -2.e+03  0.e+00 -1.e+00 -2.e+03 -2.e+03  0.e+00
 -1.e+00 -2.e+03 -2.e+03  0.e+00 -1.e+00 -2.e+03 -2.e+03  0.e+00 -1.e+00
 -2.e+03 -2.e+03  0.e+00 -1.e+00 -2.e+03 -2.e+03  0.e+00 -1.e+00 -2.e+03
 -2.e+03  0.e+00 -2.e+03 -2.e+03  0.e+00 -1.e+00 -2.e+03 -2.e+03  0.e+00
 -2.e+03 -2.e+03  0.e+00 -1.e+00 -2.e+03 -2.e+03  0.e+00 -2.e+03 -2.e+03
  0.e+00 -1.e+00 -2.e+03 -2.e+03  0.e+00 -2.e+03 -2.e+03  0.e+00 -1.e+00
 -2.e+03 -2.e+03  0.e+00 -2.e+03 -2.e+03  0.e+00 -1.e+00 -2.e+03 -2.e+03
  0.e+00 -2.e+03 -2.e+03  0.e+00 -1.e+00 -2.e+03 -2.e+03  0.e+00 -2.e+03
 -2.e+03  0.e+00 -1.e+00 -2.e+03 -2.e+03  0.e+00 -2.e+03 -2.e+03  0.e+00
 -1.e+00], [    inf     inf     inf     inf 2.0e+03 2.0e+03 2.0e+03 2.0e+03 2.0e+03
 2.0e+03 2.0e+03 2.0e+03 1.0e+03 2.0e+03 2.0e+03 1.0e+03 2.0e+03 2.0e+03
 1.8e+02 2.0e+03 1.8e+02 1.8e+02 2.0e+03 2.0e+03 2.0e+03 1.0e+00 1.0e+00
 2.0e+03 2.0e+03 2.0e+03 1.0e+00 1.0e+00 2.0e+03 2.0e+03 2.0e+03 1.0e+00
 1.0e+00 2.0e+03 2.0e+03 2.0e+03 1.0e+00 1.0e+00 2.0e+03 2.0e+03 2.0e+03
 1.0e+00 1.0e+00 2.0e+03 2.0e+03 2.0e+03 1.0e+00 1.0e+00 2.0e+03 2.0e+03
 2.0e+03 1.0e+00 1.0e+00 2.0e+03 2.0e+03 2.0e+03 1.0e+00 1.0e+00 2.0e+03
 2.0e+03 1.0e+03 1.0e+00 2.0e+03 2.0e+03 1.0e+03 1.0e+00 2.0e+03 2.0e+03
 1.0e+03 1.0e+00 2.0e+03 2.0e+03 1.0e+03 1.0e+00 2.0e+03 2.0e+03 1.0e+03
 1.0e+00 2.0e+03 2.0e+03 1.0e+03 1.0e+00 2.0e+03 2.0e+03 1.0e+03 1.0e+00
 2.0e+03 2.0e+03 1.0e+03 1.0e+00 2.0e+03 2.0e+03 1.0e+03 1.0e+00 2.0e+03
 2.0e+03 1.0e+03 2.0e+03 2.0e+03 1.8e+02 1.0e+00 2.0e+03 2.0e+03 1.0e+03
 2.0e+03 2.0e+03 1.8e+02 1.0e+00 2.0e+03 2.0e+03 1.0e+03 2.0e+03 2.0e+03
 1.8e+02 1.0e+00 2.0e+03 2.0e+03 1.0e+03 2.0e+03 2.0e+03 1.8e+02 1.0e+00
 2.0e+03 2.0e+03 1.0e+03 2.0e+03 2.0e+03 1.8e+02 1.0e+00 2.0e+03 2.0e+03
 1.0e+03 2.0e+03 2.0e+03 1.8e+02 1.0e+00 2.0e+03 2.0e+03 1.0e+03 2.0e+03
 2.0e+03 1.8e+02 1.0e+00 2.0e+03 2.0e+03 1.0e+03 2.0e+03 2.0e+03 1.8e+02
 1.0e+00], (154,), float64)
    shape:  (154,)
    dtype:  float64

  [5]
    type:   <class 'gymnasium.spaces.box.Box'>
    space:  Box([ 0.e+00  0.e+00  0.e+00  0.e+00 -2.e+03 -2.e+03 -2.e+03 -2.e+03 -2.e+03
 -2.e+03 -2.e+03 -2.e+03  0.e+00 -2.e+03 -2.e+03  0.e+00 -2.e+03 -2.e+03
  0.e+00  0.e+00  0.e+00  0.e+00 -2.e+03 -2.e+03  0.e+00 -1.e+00 -1.e+00
 -2.e+03 -2.e+03  0.e+00 -1.e+00 -1.e+00 -2.e+03 -2.e+03  0.e+00 -1.e+00
 -1.e+00 -2.e+03 -2.e+03  0.e+00 -1.e+00 -1.e+00 -2.e+03 -2.e+03  0.e+00
 -1.e+00 -1.e+00 -2.e+03 -2.e+03  0.e+00 -1.e+00 -1.e+00 -2.e+03 -2.e+03
  0.e+00 -1.e+00 -1.e+00 -2.e+03 -2.e+03  0.e+00 -1.e+00 -1.e+00 -2.e+03
 -2.e+03  0.e+00 -1.e+00 -2.e+03 -2.e+03  0.e+00 -1.e+00 -2.e+03 -2.e+03
  0.e+00 -1.e+00 -2.e+03 -2.e+03  0.e+00 -1.e+00 -2.e+03 -2.e+03  0.e+00
 -1.e+00 -2.e+03 -2.e+03  0.e+00 -1.e+00 -2.e+03 -2.e+03  0.e+00 -1.e+00
 -2.e+03 -2.e+03  0.e+00 -1.e+00 -2.e+03 -2.e+03  0.e+00 -1.e+00 -2.e+03
 -2.e+03  0.e+00 -2.e+03 -2.e+03  0.e+00 -1.e+00 -2.e+03 -2.e+03  0.e+00
 -2.e+03 -2.e+03  0.e+00 -1.e+00 -2.e+03 -2.e+03  0.e+00 -2.e+03 -2.e+03
  0.e+00 -1.e+00 -2.e+03 -2.e+03  0.e+00 -2.e+03 -2.e+03  0.e+00 -1.e+00
 -2.e+03 -2.e+03  0.e+00 -2.e+03 -2.e+03  0.e+00 -1.e+00 -2.e+03 -2.e+03
  0.e+00 -2.e+03 -2.e+03  0.e+00 -1.e+00 -2.e+03 -2.e+03  0.e+00 -2.e+03
 -2.e+03  0.e+00 -1.e+00 -2.e+03 -2.e+03  0.e+00 -2.e+03 -2.e+03  0.e+00
 -1.e+00], [    inf     inf     inf     inf 2.0e+03 2.0e+03 2.0e+03 2.0e+03 2.0e+03
 2.0e+03 2.0e+03 2.0e+03 1.0e+03 2.0e+03 2.0e+03 1.0e+03 2.0e+03 2.0e+03
 1.8e+02 2.0e+03 1.8e+02 1.8e+02 2.0e+03 2.0e+03 2.0e+03 1.0e+00 1.0e+00
 2.0e+03 2.0e+03 2.0e+03 1.0e+00 1.0e+00 2.0e+03 2.0e+03 2.0e+03 1.0e+00
 1.0e+00 2.0e+03 2.0e+03 2.0e+03 1.0e+00 1.0e+00 2.0e+03 2.0e+03 2.0e+03
 1.0e+00 1.0e+00 2.0e+03 2.0e+03 2.0e+03 1.0e+00 1.0e+00 2.0e+03 2.0e+03
 2.0e+03 1.0e+00 1.0e+00 2.0e+03 2.0e+03 2.0e+03 1.0e+00 1.0e+00 2.0e+03
 2.0e+03 1.0e+03 1.0e+00 2.0e+03 2.0e+03 1.0e+03 1.0e+00 2.0e+03 2.0e+03
 1.0e+03 1.0e+00 2.0e+03 2.0e+03 1.0e+03 1.0e+00 2.0e+03 2.0e+03 1.0e+03
 1.0e+00 2.0e+03 2.0e+03 1.0e+03 1.0e+00 2.0e+03 2.0e+03 1.0e+03 1.0e+00
 2.0e+03 2.0e+03 1.0e+03 1.0e+00 2.0e+03 2.0e+03 1.0e+03 1.0e+00 2.0e+03
 2.0e+03 1.0e+03 2.0e+03 2.0e+03 1.8e+02 1.0e+00 2.0e+03 2.0e+03 1.0e+03
 2.0e+03 2.0e+03 1.8e+02 1.0e+00 2.0e+03 2.0e+03 1.0e+03 2.0e+03 2.0e+03
 1.8e+02 1.0e+00 2.0e+03 2.0e+03 1.0e+03 2.0e+03 2.0e+03 1.8e+02 1.0e+00
 2.0e+03 2.0e+03 1.0e+03 2.0e+03 2.0e+03 1.8e+02 1.0e+00 2.0e+03 2.0e+03
 1.0e+03 2.0e+03 2.0e+03 1.8e+02 1.0e+00 2.0e+03 2.0e+03 1.0e+03 2.0e+03
 2.0e+03 1.8e+02 1.0e+00 2.0e+03 2.0e+03 1.0e+03 2.0e+03 2.0e+03 1.8e+02
 1.0e+00], (154,), float64)
    shape:  (154,)
    dtype:  float64

  [6]
    type:   <class 'gymnasium.spaces.box.Box'>
    space:  Box([ 0.e+00  0.e+00  0.e+00  0.e+00 -2.e+03 -2.e+03 -2.e+03 -2.e+03 -2.e+03
 -2.e+03 -2.e+03 -2.e+03  0.e+00 -2.e+03 -2.e+03  0.e+00 -2.e+03 -2.e+03
  0.e+00  0.e+00  0.e+00  0.e+00 -2.e+03 -2.e+03  0.e+00 -1.e+00 -1.e+00
 -2.e+03 -2.e+03  0.e+00 -1.e+00 -1.e+00 -2.e+03 -2.e+03  0.e+00 -1.e+00
 -1.e+00 -2.e+03 -2.e+03  0.e+00 -1.e+00 -1.e+00 -2.e+03 -2.e+03  0.e+00
 -1.e+00 -1.e+00 -2.e+03 -2.e+03  0.e+00 -1.e+00 -1.e+00 -2.e+03 -2.e+03
  0.e+00 -1.e+00 -1.e+00 -2.e+03 -2.e+03  0.e+00 -1.e+00 -1.e+00 -2.e+03
 -2.e+03  0.e+00 -1.e+00 -2.e+03 -2.e+03  0.e+00 -1.e+00 -2.e+03 -2.e+03
  0.e+00 -1.e+00 -2.e+03 -2.e+03  0.e+00 -1.e+00 -2.e+03 -2.e+03  0.e+00
 -1.e+00 -2.e+03 -2.e+03  0.e+00 -1.e+00 -2.e+03 -2.e+03  0.e+00 -1.e+00
 -2.e+03 -2.e+03  0.e+00 -1.e+00 -2.e+03 -2.e+03  0.e+00 -1.e+00 -2.e+03
 -2.e+03  0.e+00 -2.e+03 -2.e+03  0.e+00 -1.e+00 -2.e+03 -2.e+03  0.e+00
 -2.e+03 -2.e+03  0.e+00 -1.e+00 -2.e+03 -2.e+03  0.e+00 -2.e+03 -2.e+03
  0.e+00 -1.e+00 -2.e+03 -2.e+03  0.e+00 -2.e+03 -2.e+03  0.e+00 -1.e+00
 -2.e+03 -2.e+03  0.e+00 -2.e+03 -2.e+03  0.e+00 -1.e+00 -2.e+03 -2.e+03
  0.e+00 -2.e+03 -2.e+03  0.e+00 -1.e+00 -2.e+03 -2.e+03  0.e+00 -2.e+03
 -2.e+03  0.e+00 -1.e+00 -2.e+03 -2.e+03  0.e+00 -2.e+03 -2.e+03  0.e+00
 -1.e+00], [    inf     inf     inf     inf 2.0e+03 2.0e+03 2.0e+03 2.0e+03 2.0e+03
 2.0e+03 2.0e+03 2.0e+03 1.0e+03 2.0e+03 2.0e+03 1.0e+03 2.0e+03 2.0e+03
 1.8e+02 2.0e+03 1.8e+02 1.8e+02 2.0e+03 2.0e+03 2.0e+03 1.0e+00 1.0e+00
 2.0e+03 2.0e+03 2.0e+03 1.0e+00 1.0e+00 2.0e+03 2.0e+03 2.0e+03 1.0e+00
 1.0e+00 2.0e+03 2.0e+03 2.0e+03 1.0e+00 1.0e+00 2.0e+03 2.0e+03 2.0e+03
 1.0e+00 1.0e+00 2.0e+03 2.0e+03 2.0e+03 1.0e+00 1.0e+00 2.0e+03 2.0e+03
 2.0e+03 1.0e+00 1.0e+00 2.0e+03 2.0e+03 2.0e+03 1.0e+00 1.0e+00 2.0e+03
 2.0e+03 1.0e+03 1.0e+00 2.0e+03 2.0e+03 1.0e+03 1.0e+00 2.0e+03 2.0e+03
 1.0e+03 1.0e+00 2.0e+03 2.0e+03 1.0e+03 1.0e+00 2.0e+03 2.0e+03 1.0e+03
 1.0e+00 2.0e+03 2.0e+03 1.0e+03 1.0e+00 2.0e+03 2.0e+03 1.0e+03 1.0e+00
 2.0e+03 2.0e+03 1.0e+03 1.0e+00 2.0e+03 2.0e+03 1.0e+03 1.0e+00 2.0e+03
 2.0e+03 1.0e+03 2.0e+03 2.0e+03 1.8e+02 1.0e+00 2.0e+03 2.0e+03 1.0e+03
 2.0e+03 2.0e+03 1.8e+02 1.0e+00 2.0e+03 2.0e+03 1.0e+03 2.0e+03 2.0e+03
 1.8e+02 1.0e+00 2.0e+03 2.0e+03 1.0e+03 2.0e+03 2.0e+03 1.8e+02 1.0e+00
 2.0e+03 2.0e+03 1.0e+03 2.0e+03 2.0e+03 1.8e+02 1.0e+00 2.0e+03 2.0e+03
 1.0e+03 2.0e+03 2.0e+03 1.8e+02 1.0e+00 2.0e+03 2.0e+03 1.0e+03 2.0e+03
 2.0e+03 1.8e+02 1.0e+00 2.0e+03 2.0e+03 1.0e+03 2.0e+03 2.0e+03 1.8e+02
 1.0e+00], (154,), float64)
    shape:  (154,)
    dtype:  float64

  [7]
    type:   <class 'gymnasium.spaces.box.Box'>
    space:  Box([ 0.e+00  0.e+00  0.e+00  0.e+00 -2.e+03 -2.e+03 -2.e+03 -2.e+03 -2.e+03
 -2.e+03 -2.e+03 -2.e+03  0.e+00 -2.e+03 -2.e+03  0.e+00 -2.e+03 -2.e+03
  0.e+00  0.e+00  0.e+00  0.e+00 -2.e+03 -2.e+03  0.e+00 -1.e+00 -1.e+00
 -2.e+03 -2.e+03  0.e+00 -1.e+00 -1.e+00 -2.e+03 -2.e+03  0.e+00 -1.e+00
 -1.e+00 -2.e+03 -2.e+03  0.e+00 -1.e+00 -1.e+00 -2.e+03 -2.e+03  0.e+00
 -1.e+00 -1.e+00 -2.e+03 -2.e+03  0.e+00 -1.e+00 -1.e+00 -2.e+03 -2.e+03
  0.e+00 -1.e+00 -1.e+00 -2.e+03 -2.e+03  0.e+00 -1.e+00 -1.e+00 -2.e+03
 -2.e+03  0.e+00 -1.e+00 -2.e+03 -2.e+03  0.e+00 -1.e+00 -2.e+03 -2.e+03
  0.e+00 -1.e+00 -2.e+03 -2.e+03  0.e+00 -1.e+00 -2.e+03 -2.e+03  0.e+00
 -1.e+00 -2.e+03 -2.e+03  0.e+00 -1.e+00 -2.e+03 -2.e+03  0.e+00 -1.e+00
 -2.e+03 -2.e+03  0.e+00 -1.e+00 -2.e+03 -2.e+03  0.e+00 -1.e+00 -2.e+03
 -2.e+03  0.e+00 -2.e+03 -2.e+03  0.e+00 -1.e+00 -2.e+03 -2.e+03  0.e+00
 -2.e+03 -2.e+03  0.e+00 -1.e+00 -2.e+03 -2.e+03  0.e+00 -2.e+03 -2.e+03
  0.e+00 -1.e+00 -2.e+03 -2.e+03  0.e+00 -2.e+03 -2.e+03  0.e+00 -1.e+00
 -2.e+03 -2.e+03  0.e+00 -2.e+03 -2.e+03  0.e+00 -1.e+00 -2.e+03 -2.e+03
  0.e+00 -2.e+03 -2.e+03  0.e+00 -1.e+00 -2.e+03 -2.e+03  0.e+00 -2.e+03
 -2.e+03  0.e+00 -1.e+00 -2.e+03 -2.e+03  0.e+00 -2.e+03 -2.e+03  0.e+00
 -1.e+00], [    inf     inf     inf     inf 2.0e+03 2.0e+03 2.0e+03 2.0e+03 2.0e+03
 2.0e+03 2.0e+03 2.0e+03 1.0e+03 2.0e+03 2.0e+03 1.0e+03 2.0e+03 2.0e+03
 1.8e+02 2.0e+03 1.8e+02 1.8e+02 2.0e+03 2.0e+03 2.0e+03 1.0e+00 1.0e+00
 2.0e+03 2.0e+03 2.0e+03 1.0e+00 1.0e+00 2.0e+03 2.0e+03 2.0e+03 1.0e+00
 1.0e+00 2.0e+03 2.0e+03 2.0e+03 1.0e+00 1.0e+00 2.0e+03 2.0e+03 2.0e+03
 1.0e+00 1.0e+00 2.0e+03 2.0e+03 2.0e+03 1.0e+00 1.0e+00 2.0e+03 2.0e+03
 2.0e+03 1.0e+00 1.0e+00 2.0e+03 2.0e+03 2.0e+03 1.0e+00 1.0e+00 2.0e+03
 2.0e+03 1.0e+03 1.0e+00 2.0e+03 2.0e+03 1.0e+03 1.0e+00 2.0e+03 2.0e+03
 1.0e+03 1.0e+00 2.0e+03 2.0e+03 1.0e+03 1.0e+00 2.0e+03 2.0e+03 1.0e+03
 1.0e+00 2.0e+03 2.0e+03 1.0e+03 1.0e+00 2.0e+03 2.0e+03 1.0e+03 1.0e+00
 2.0e+03 2.0e+03 1.0e+03 1.0e+00 2.0e+03 2.0e+03 1.0e+03 1.0e+00 2.0e+03
 2.0e+03 1.0e+03 2.0e+03 2.0e+03 1.8e+02 1.0e+00 2.0e+03 2.0e+03 1.0e+03
 2.0e+03 2.0e+03 1.8e+02 1.0e+00 2.0e+03 2.0e+03 1.0e+03 2.0e+03 2.0e+03
 1.8e+02 1.0e+00 2.0e+03 2.0e+03 1.0e+03 2.0e+03 2.0e+03 1.8e+02 1.0e+00
 2.0e+03 2.0e+03 1.0e+03 2.0e+03 2.0e+03 1.8e+02 1.0e+00 2.0e+03 2.0e+03
 1.0e+03 2.0e+03 2.0e+03 1.8e+02 1.0e+00 2.0e+03 2.0e+03 1.0e+03 2.0e+03
 2.0e+03 1.8e+02 1.0e+00 2.0e+03 2.0e+03 1.0e+03 2.0e+03 2.0e+03 1.8e+02
 1.0e+00], (154,), float64)
    shape:  (154,)
    dtype:  float64

camera_action_space
  type:   <class 'gymnasium.spaces.box.Box'>
  space:  Box([-5.  -2.5], [5.  2.5], (2,), float64)
  shape:  (2,)
  dtype:  float64

camera_joint_action_space
  type:   <class 'gymnasium.spaces.tuple.Tuple'>
  space:  Tuple(Box([-5.  -2.5], [5.  2.5], (2,), float64), Box([-5.  -2.5], [5.  2.5], (2,), float64), Box([-5.  -2.5], [5.  2.5], (2,), float64), Box([-5.  -2.5], [5.  2.5], (2,), float64), Box([-5.  -2.5], [5.  2.5], (2,), float64), Box([-5.  -2.5], [5.  2.5], (2,), float64), Box([-5.  -2.5], [5.  2.5], (2,), float64), Box([-5.  -2.5], [5.  2.5], (2,), float64))
  shape:  None
  dtype:  None
  spaces:

  [0]
    type:   <class 'gymnasium.spaces.box.Box'>
    space:  Box([-5.  -2.5], [5.  2.5], (2,), float64)
    shape:  (2,)
    dtype:  float64

  [1]
    type:   <class 'gymnasium.spaces.box.Box'>
    space:  Box([-5.  -2.5], [5.  2.5], (2,), float64)
    shape:  (2,)
    dtype:  float64

  [2]
    type:   <class 'gymnasium.spaces.box.Box'>
    space:  Box([-5.  -2.5], [5.  2.5], (2,), float64)
    shape:  (2,)
    dtype:  float64

  [3]
    type:   <class 'gymnasium.spaces.box.Box'>
    space:  Box([-5.  -2.5], [5.  2.5], (2,), float64)
    shape:  (2,)
    dtype:  float64

  [4]
    type:   <class 'gymnasium.spaces.box.Box'>
    space:  Box([-5.  -2.5], [5.  2.5], (2,), float64)
    shape:  (2,)
    dtype:  float64

  [5]
    type:   <class 'gymnasium.spaces.box.Box'>
    space:  Box([-5.  -2.5], [5.  2.5], (2,), float64)
    shape:  (2,)
    dtype:  float64

  [6]
    type:   <class 'gymnasium.spaces.box.Box'>
    space:  Box([-5.  -2.5], [5.  2.5], (2,), float64)
    shape:  (2,)
    dtype:  float64

  [7]
    type:   <class 'gymnasium.spaces.box.Box'>
    space:  Box([-5.  -2.5], [5.  2.5], (2,), float64)
    shape:  (2,)
    dtype:  float64

camera_observation_space
  type:   <class 'gymnasium.spaces.box.Box'>
  space:  Box([ 0.e+00  0.e+00  0.e+00  0.e+00 -2.e+03 -2.e+03 -2.e+03 -2.e+03 -2.e+03
 -2.e+03 -2.e+03 -2.e+03  0.e+00 -2.e+03 -2.e+03  0.e+00 -2.e+03 -2.e+03
  0.e+00  0.e+00  0.e+00  0.e+00 -2.e+03 -2.e+03  0.e+00 -1.e+00 -1.e+00
 -2.e+03 -2.e+03  0.e+00 -1.e+00 -1.e+00 -2.e+03 -2.e+03  0.e+00 -1.e+00
 -1.e+00 -2.e+03 -2.e+03  0.e+00 -1.e+00 -1.e+00 -2.e+03 -2.e+03  0.e+00
 -1.e+00 -1.e+00 -2.e+03 -2.e+03  0.e+00 -1.e+00 -1.e+00 -2.e+03 -2.e+03
  0.e+00 -1.e+00 -1.e+00 -2.e+03 -2.e+03  0.e+00 -1.e+00 -1.e+00 -2.e+03
 -2.e+03  0.e+00 -1.e+00 -2.e+03 -2.e+03  0.e+00 -1.e+00 -2.e+03 -2.e+03
  0.e+00 -1.e+00 -2.e+03 -2.e+03  0.e+00 -1.e+00 -2.e+03 -2.e+03  0.e+00
 -1.e+00 -2.e+03 -2.e+03  0.e+00 -1.e+00 -2.e+03 -2.e+03  0.e+00 -1.e+00
 -2.e+03 -2.e+03  0.e+00 -1.e+00 -2.e+03 -2.e+03  0.e+00 -1.e+00 -2.e+03
 -2.e+03  0.e+00 -2.e+03 -2.e+03  0.e+00 -1.e+00 -2.e+03 -2.e+03  0.e+00
 -2.e+03 -2.e+03  0.e+00 -1.e+00 -2.e+03 -2.e+03  0.e+00 -2.e+03 -2.e+03
  0.e+00 -1.e+00 -2.e+03 -2.e+03  0.e+00 -2.e+03 -2.e+03  0.e+00 -1.e+00
 -2.e+03 -2.e+03  0.e+00 -2.e+03 -2.e+03  0.e+00 -1.e+00 -2.e+03 -2.e+03
  0.e+00 -2.e+03 -2.e+03  0.e+00 -1.e+00 -2.e+03 -2.e+03  0.e+00 -2.e+03
 -2.e+03  0.e+00 -1.e+00 -2.e+03 -2.e+03  0.e+00 -2.e+03 -2.e+03  0.e+00
 -1.e+00], [    inf     inf     inf     inf 2.0e+03 2.0e+03 2.0e+03 2.0e+03 2.0e+03
 2.0e+03 2.0e+03 2.0e+03 1.0e+03 2.0e+03 2.0e+03 1.0e+03 2.0e+03 2.0e+03
 1.8e+02 2.0e+03 1.8e+02 1.8e+02 2.0e+03 2.0e+03 2.0e+03 1.0e+00 1.0e+00
 2.0e+03 2.0e+03 2.0e+03 1.0e+00 1.0e+00 2.0e+03 2.0e+03 2.0e+03 1.0e+00
 1.0e+00 2.0e+03 2.0e+03 2.0e+03 1.0e+00 1.0e+00 2.0e+03 2.0e+03 2.0e+03
 1.0e+00 1.0e+00 2.0e+03 2.0e+03 2.0e+03 1.0e+00 1.0e+00 2.0e+03 2.0e+03
 2.0e+03 1.0e+00 1.0e+00 2.0e+03 2.0e+03 2.0e+03 1.0e+00 1.0e+00 2.0e+03
 2.0e+03 1.0e+03 1.0e+00 2.0e+03 2.0e+03 1.0e+03 1.0e+00 2.0e+03 2.0e+03
 1.0e+03 1.0e+00 2.0e+03 2.0e+03 1.0e+03 1.0e+00 2.0e+03 2.0e+03 1.0e+03
 1.0e+00 2.0e+03 2.0e+03 1.0e+03 1.0e+00 2.0e+03 2.0e+03 1.0e+03 1.0e+00
 2.0e+03 2.0e+03 1.0e+03 1.0e+00 2.0e+03 2.0e+03 1.0e+03 1.0e+00 2.0e+03
 2.0e+03 1.0e+03 2.0e+03 2.0e+03 1.8e+02 1.0e+00 2.0e+03 2.0e+03 1.0e+03
 2.0e+03 2.0e+03 1.8e+02 1.0e+00 2.0e+03 2.0e+03 1.0e+03 2.0e+03 2.0e+03
 1.8e+02 1.0e+00 2.0e+03 2.0e+03 1.0e+03 2.0e+03 2.0e+03 1.8e+02 1.0e+00
 2.0e+03 2.0e+03 1.0e+03 2.0e+03 2.0e+03 1.8e+02 1.0e+00 2.0e+03 2.0e+03
 1.0e+03 2.0e+03 2.0e+03 1.8e+02 1.0e+00 2.0e+03 2.0e+03 1.0e+03 2.0e+03
 2.0e+03 1.8e+02 1.0e+00 2.0e+03 2.0e+03 1.0e+03 2.0e+03 2.0e+03 1.8e+02
 1.0e+00], (154,), float64)
  shape:  (154,)
  dtype:  float64

camera_joint_observation_space
  type:   <class 'gymnasium.spaces.tuple.Tuple'>
  space:  Tuple(Box([ 0.e+00  0.e+00  0.e+00  0.e+00 -2.e+03 -2.e+03 -2.e+03 -2.e+03 -2.e+03
 -2.e+03 -2.e+03 -2.e+03  0.e+00 -2.e+03 -2.e+03  0.e+00 -2.e+03 -2.e+03
  0.e+00  0.e+00  0.e+00  0.e+00 -2.e+03 -2.e+03  0.e+00 -1.e+00 -1.e+00
 -2.e+03 -2.e+03  0.e+00 -1.e+00 -1.e+00 -2.e+03 -2.e+03  0.e+00 -1.e+00
 -1.e+00 -2.e+03 -2.e+03  0.e+00 -1.e+00 -1.e+00 -2.e+03 -2.e+03  0.e+00
 -1.e+00 -1.e+00 -2.e+03 -2.e+03  0.e+00 -1.e+00 -1.e+00 -2.e+03 -2.e+03
  0.e+00 -1.e+00 -1.e+00 -2.e+03 -2.e+03  0.e+00 -1.e+00 -1.e+00 -2.e+03
 -2.e+03  0.e+00 -1.e+00 -2.e+03 -2.e+03  0.e+00 -1.e+00 -2.e+03 -2.e+03
  0.e+00 -1.e+00 -2.e+03 -2.e+03  0.e+00 -1.e+00 -2.e+03 -2.e+03  0.e+00
 -1.e+00 -2.e+03 -2.e+03  0.e+00 -1.e+00 -2.e+03 -2.e+03  0.e+00 -1.e+00
 -2.e+03 -2.e+03  0.e+00 -1.e+00 -2.e+03 -2.e+03  0.e+00 -1.e+00 -2.e+03
 -2.e+03  0.e+00 -2.e+03 -2.e+03  0.e+00 -1.e+00 -2.e+03 -2.e+03  0.e+00
 -2.e+03 -2.e+03  0.e+00 -1.e+00 -2.e+03 -2.e+03  0.e+00 -2.e+03 -2.e+03
  0.e+00 -1.e+00 -2.e+03 -2.e+03  0.e+00 -2.e+03 -2.e+03  0.e+00 -1.e+00
 -2.e+03 -2.e+03  0.e+00 -2.e+03 -2.e+03  0.e+00 -1.e+00 -2.e+03 -2.e+03
  0.e+00 -2.e+03 -2.e+03  0.e+00 -1.e+00 -2.e+03 -2.e+03  0.e+00 -2.e+03
 -2.e+03  0.e+00 -1.e+00 -2.e+03 -2.e+03  0.e+00 -2.e+03 -2.e+03  0.e+00
 -1.e+00], [    inf     inf     inf     inf 2.0e+03 2.0e+03 2.0e+03 2.0e+03 2.0e+03
 2.0e+03 2.0e+03 2.0e+03 1.0e+03 2.0e+03 2.0e+03 1.0e+03 2.0e+03 2.0e+03
 1.8e+02 2.0e+03 1.8e+02 1.8e+02 2.0e+03 2.0e+03 2.0e+03 1.0e+00 1.0e+00
 2.0e+03 2.0e+03 2.0e+03 1.0e+00 1.0e+00 2.0e+03 2.0e+03 2.0e+03 1.0e+00
 1.0e+00 2.0e+03 2.0e+03 2.0e+03 1.0e+00 1.0e+00 2.0e+03 2.0e+03 2.0e+03
 1.0e+00 1.0e+00 2.0e+03 2.0e+03 2.0e+03 1.0e+00 1.0e+00 2.0e+03 2.0e+03
 2.0e+03 1.0e+00 1.0e+00 2.0e+03 2.0e+03 2.0e+03 1.0e+00 1.0e+00 2.0e+03
 2.0e+03 1.0e+03 1.0e+00 2.0e+03 2.0e+03 1.0e+03 1.0e+00 2.0e+03 2.0e+03
 1.0e+03 1.0e+00 2.0e+03 2.0e+03 1.0e+03 1.0e+00 2.0e+03 2.0e+03 1.0e+03
 1.0e+00 2.0e+03 2.0e+03 1.0e+03 1.0e+00 2.0e+03 2.0e+03 1.0e+03 1.0e+00
 2.0e+03 2.0e+03 1.0e+03 1.0e+00 2.0e+03 2.0e+03 1.0e+03 1.0e+00 2.0e+03
 2.0e+03 1.0e+03 2.0e+03 2.0e+03 1.8e+02 1.0e+00 2.0e+03 2.0e+03 1.0e+03
 2.0e+03 2.0e+03 1.8e+02 1.0e+00 2.0e+03 2.0e+03 1.0e+03 2.0e+03 2.0e+03
 1.8e+02 1.0e+00 2.0e+03 2.0e+03 1.0e+03 2.0e+03 2.0e+03 1.8e+02 1.0e+00
 2.0e+03 2.0e+03 1.0e+03 2.0e+03 2.0e+03 1.8e+02 1.0e+00 2.0e+03 2.0e+03
 1.0e+03 2.0e+03 2.0e+03 1.8e+02 1.0e+00 2.0e+03 2.0e+03 1.0e+03 2.0e+03
 2.0e+03 1.8e+02 1.0e+00 2.0e+03 2.0e+03 1.0e+03 2.0e+03 2.0e+03 1.8e+02
 1.0e+00], (154,), float64), Box([ 0.e+00  0.e+00  0.e+00  0.e+00 -2.e+03 -2.e+03 -2.e+03 -2.e+03 -2.e+03
 -2.e+03 -2.e+03 -2.e+03  0.e+00 -2.e+03 -2.e+03  0.e+00 -2.e+03 -2.e+03
  0.e+00  0.e+00  0.e+00  0.e+00 -2.e+03 -2.e+03  0.e+00 -1.e+00 -1.e+00
 -2.e+03 -2.e+03  0.e+00 -1.e+00 -1.e+00 -2.e+03 -2.e+03  0.e+00 -1.e+00
 -1.e+00 -2.e+03 -2.e+03  0.e+00 -1.e+00 -1.e+00 -2.e+03 -2.e+03  0.e+00
 -1.e+00 -1.e+00 -2.e+03 -2.e+03  0.e+00 -1.e+00 -1.e+00 -2.e+03 -2.e+03
  0.e+00 -1.e+00 -1.e+00 -2.e+03 -2.e+03  0.e+00 -1.e+00 -1.e+00 -2.e+03
 -2.e+03  0.e+00 -1.e+00 -2.e+03 -2.e+03  0.e+00 -1.e+00 -2.e+03 -2.e+03
  0.e+00 -1.e+00 -2.e+03 -2.e+03  0.e+00 -1.e+00 -2.e+03 -2.e+03  0.e+00
 -1.e+00 -2.e+03 -2.e+03  0.e+00 -1.e+00 -2.e+03 -2.e+03  0.e+00 -1.e+00
 -2.e+03 -2.e+03  0.e+00 -1.e+00 -2.e+03 -2.e+03  0.e+00 -1.e+00 -2.e+03
 -2.e+03  0.e+00 -2.e+03 -2.e+03  0.e+00 -1.e+00 -2.e+03 -2.e+03  0.e+00
 -2.e+03 -2.e+03  0.e+00 -1.e+00 -2.e+03 -2.e+03  0.e+00 -2.e+03 -2.e+03
  0.e+00 -1.e+00 -2.e+03 -2.e+03  0.e+00 -2.e+03 -2.e+03  0.e+00 -1.e+00
 -2.e+03 -2.e+03  0.e+00 -2.e+03 -2.e+03  0.e+00 -1.e+00 -2.e+03 -2.e+03
  0.e+00 -2.e+03 -2.e+03  0.e+00 -1.e+00 -2.e+03 -2.e+03  0.e+00 -2.e+03
 -2.e+03  0.e+00 -1.e+00 -2.e+03 -2.e+03  0.e+00 -2.e+03 -2.e+03  0.e+00
 -1.e+00], [    inf     inf     inf     inf 2.0e+03 2.0e+03 2.0e+03 2.0e+03 2.0e+03
 2.0e+03 2.0e+03 2.0e+03 1.0e+03 2.0e+03 2.0e+03 1.0e+03 2.0e+03 2.0e+03
 1.8e+02 2.0e+03 1.8e+02 1.8e+02 2.0e+03 2.0e+03 2.0e+03 1.0e+00 1.0e+00
 2.0e+03 2.0e+03 2.0e+03 1.0e+00 1.0e+00 2.0e+03 2.0e+03 2.0e+03 1.0e+00
 1.0e+00 2.0e+03 2.0e+03 2.0e+03 1.0e+00 1.0e+00 2.0e+03 2.0e+03 2.0e+03
 1.0e+00 1.0e+00 2.0e+03 2.0e+03 2.0e+03 1.0e+00 1.0e+00 2.0e+03 2.0e+03
 2.0e+03 1.0e+00 1.0e+00 2.0e+03 2.0e+03 2.0e+03 1.0e+00 1.0e+00 2.0e+03
 2.0e+03 1.0e+03 1.0e+00 2.0e+03 2.0e+03 1.0e+03 1.0e+00 2.0e+03 2.0e+03
 1.0e+03 1.0e+00 2.0e+03 2.0e+03 1.0e+03 1.0e+00 2.0e+03 2.0e+03 1.0e+03
 1.0e+00 2.0e+03 2.0e+03 1.0e+03 1.0e+00 2.0e+03 2.0e+03 1.0e+03 1.0e+00
 2.0e+03 2.0e+03 1.0e+03 1.0e+00 2.0e+03 2.0e+03 1.0e+03 1.0e+00 2.0e+03
 2.0e+03 1.0e+03 2.0e+03 2.0e+03 1.8e+02 1.0e+00 2.0e+03 2.0e+03 1.0e+03
 2.0e+03 2.0e+03 1.8e+02 1.0e+00 2.0e+03 2.0e+03 1.0e+03 2.0e+03 2.0e+03
 1.8e+02 1.0e+00 2.0e+03 2.0e+03 1.0e+03 2.0e+03 2.0e+03 1.8e+02 1.0e+00
 2.0e+03 2.0e+03 1.0e+03 2.0e+03 2.0e+03 1.8e+02 1.0e+00 2.0e+03 2.0e+03
 1.0e+03 2.0e+03 2.0e+03 1.8e+02 1.0e+00 2.0e+03 2.0e+03 1.0e+03 2.0e+03
 2.0e+03 1.8e+02 1.0e+00 2.0e+03 2.0e+03 1.0e+03 2.0e+03 2.0e+03 1.8e+02
 1.0e+00], (154,), float64), Box([ 0.e+00  0.e+00  0.e+00  0.e+00 -2.e+03 -2.e+03 -2.e+03 -2.e+03 -2.e+03
 -2.e+03 -2.e+03 -2.e+03  0.e+00 -2.e+03 -2.e+03  0.e+00 -2.e+03 -2.e+03
  0.e+00  0.e+00  0.e+00  0.e+00 -2.e+03 -2.e+03  0.e+00 -1.e+00 -1.e+00
 -2.e+03 -2.e+03  0.e+00 -1.e+00 -1.e+00 -2.e+03 -2.e+03  0.e+00 -1.e+00
 -1.e+00 -2.e+03 -2.e+03  0.e+00 -1.e+00 -1.e+00 -2.e+03 -2.e+03  0.e+00
 -1.e+00 -1.e+00 -2.e+03 -2.e+03  0.e+00 -1.e+00 -1.e+00 -2.e+03 -2.e+03
  0.e+00 -1.e+00 -1.e+00 -2.e+03 -2.e+03  0.e+00 -1.e+00 -1.e+00 -2.e+03
 -2.e+03  0.e+00 -1.e+00 -2.e+03 -2.e+03  0.e+00 -1.e+00 -2.e+03 -2.e+03
  0.e+00 -1.e+00 -2.e+03 -2.e+03  0.e+00 -1.e+00 -2.e+03 -2.e+03  0.e+00
 -1.e+00 -2.e+03 -2.e+03  0.e+00 -1.e+00 -2.e+03 -2.e+03  0.e+00 -1.e+00
 -2.e+03 -2.e+03  0.e+00 -1.e+00 -2.e+03 -2.e+03  0.e+00 -1.e+00 -2.e+03
 -2.e+03  0.e+00 -2.e+03 -2.e+03  0.e+00 -1.e+00 -2.e+03 -2.e+03  0.e+00
 -2.e+03 -2.e+03  0.e+00 -1.e+00 -2.e+03 -2.e+03  0.e+00 -2.e+03 -2.e+03
  0.e+00 -1.e+00 -2.e+03 -2.e+03  0.e+00 -2.e+03 -2.e+03  0.e+00 -1.e+00
 -2.e+03 -2.e+03  0.e+00 -2.e+03 -2.e+03  0.e+00 -1.e+00 -2.e+03 -2.e+03
  0.e+00 -2.e+03 -2.e+03  0.e+00 -1.e+00 -2.e+03 -2.e+03  0.e+00 -2.e+03
 -2.e+03  0.e+00 -1.e+00 -2.e+03 -2.e+03  0.e+00 -2.e+03 -2.e+03  0.e+00
 -1.e+00], [    inf     inf     inf     inf 2.0e+03 2.0e+03 2.0e+03 2.0e+03 2.0e+03
 2.0e+03 2.0e+03 2.0e+03 1.0e+03 2.0e+03 2.0e+03 1.0e+03 2.0e+03 2.0e+03
 1.8e+02 2.0e+03 1.8e+02 1.8e+02 2.0e+03 2.0e+03 2.0e+03 1.0e+00 1.0e+00
 2.0e+03 2.0e+03 2.0e+03 1.0e+00 1.0e+00 2.0e+03 2.0e+03 2.0e+03 1.0e+00
 1.0e+00 2.0e+03 2.0e+03 2.0e+03 1.0e+00 1.0e+00 2.0e+03 2.0e+03 2.0e+03
 1.0e+00 1.0e+00 2.0e+03 2.0e+03 2.0e+03 1.0e+00 1.0e+00 2.0e+03 2.0e+03
 2.0e+03 1.0e+00 1.0e+00 2.0e+03 2.0e+03 2.0e+03 1.0e+00 1.0e+00 2.0e+03
 2.0e+03 1.0e+03 1.0e+00 2.0e+03 2.0e+03 1.0e+03 1.0e+00 2.0e+03 2.0e+03
 1.0e+03 1.0e+00 2.0e+03 2.0e+03 1.0e+03 1.0e+00 2.0e+03 2.0e+03 1.0e+03
 1.0e+00 2.0e+03 2.0e+03 1.0e+03 1.0e+00 2.0e+03 2.0e+03 1.0e+03 1.0e+00
 2.0e+03 2.0e+03 1.0e+03 1.0e+00 2.0e+03 2.0e+03 1.0e+03 1.0e+00 2.0e+03
 2.0e+03 1.0e+03 2.0e+03 2.0e+03 1.8e+02 1.0e+00 2.0e+03 2.0e+03 1.0e+03
 2.0e+03 2.0e+03 1.8e+02 1.0e+00 2.0e+03 2.0e+03 1.0e+03 2.0e+03 2.0e+03
 1.8e+02 1.0e+00 2.0e+03 2.0e+03 1.0e+03 2.0e+03 2.0e+03 1.8e+02 1.0e+00
 2.0e+03 2.0e+03 1.0e+03 2.0e+03 2.0e+03 1.8e+02 1.0e+00 2.0e+03 2.0e+03
 1.0e+03 2.0e+03 2.0e+03 1.8e+02 1.0e+00 2.0e+03 2.0e+03 1.0e+03 2.0e+03
 2.0e+03 1.8e+02 1.0e+00 2.0e+03 2.0e+03 1.0e+03 2.0e+03 2.0e+03 1.8e+02
 1.0e+00], (154,), float64), Box([ 0.e+00  0.e+00  0.e+00  0.e+00 -2.e+03 -2.e+03 -2.e+03 -2.e+03 -2.e+03
 -2.e+03 -2.e+03 -2.e+03  0.e+00 -2.e+03 -2.e+03  0.e+00 -2.e+03 -2.e+03
  0.e+00  0.e+00  0.e+00  0.e+00 -2.e+03 -2.e+03  0.e+00 -1.e+00 -1.e+00
 -2.e+03 -2.e+03  0.e+00 -1.e+00 -1.e+00 -2.e+03 -2.e+03  0.e+00 -1.e+00
 -1.e+00 -2.e+03 -2.e+03  0.e+00 -1.e+00 -1.e+00 -2.e+03 -2.e+03  0.e+00
 -1.e+00 -1.e+00 -2.e+03 -2.e+03  0.e+00 -1.e+00 -1.e+00 -2.e+03 -2.e+03
  0.e+00 -1.e+00 -1.e+00 -2.e+03 -2.e+03  0.e+00 -1.e+00 -1.e+00 -2.e+03
 -2.e+03  0.e+00 -1.e+00 -2.e+03 -2.e+03  0.e+00 -1.e+00 -2.e+03 -2.e+03
  0.e+00 -1.e+00 -2.e+03 -2.e+03  0.e+00 -1.e+00 -2.e+03 -2.e+03  0.e+00
 -1.e+00 -2.e+03 -2.e+03  0.e+00 -1.e+00 -2.e+03 -2.e+03  0.e+00 -1.e+00
 -2.e+03 -2.e+03  0.e+00 -1.e+00 -2.e+03 -2.e+03  0.e+00 -1.e+00 -2.e+03
 -2.e+03  0.e+00 -2.e+03 -2.e+03  0.e+00 -1.e+00 -2.e+03 -2.e+03  0.e+00
 -2.e+03 -2.e+03  0.e+00 -1.e+00 -2.e+03 -2.e+03  0.e+00 -2.e+03 -2.e+03
  0.e+00 -1.e+00 -2.e+03 -2.e+03  0.e+00 -2.e+03 -2.e+03  0.e+00 -1.e+00
 -2.e+03 -2.e+03  0.e+00 -2.e+03 -2.e+03  0.e+00 -1.e+00 -2.e+03 -2.e+03
  0.e+00 -2.e+03 -2.e+03  0.e+00 -1.e+00 -2.e+03 -2.e+03  0.e+00 -2.e+03
 -2.e+03  0.e+00 -1.e+00 -2.e+03 -2.e+03  0.e+00 -2.e+03 -2.e+03  0.e+00
 -1.e+00], [    inf     inf     inf     inf 2.0e+03 2.0e+03 2.0e+03 2.0e+03 2.0e+03
 2.0e+03 2.0e+03 2.0e+03 1.0e+03 2.0e+03 2.0e+03 1.0e+03 2.0e+03 2.0e+03
 1.8e+02 2.0e+03 1.8e+02 1.8e+02 2.0e+03 2.0e+03 2.0e+03 1.0e+00 1.0e+00
 2.0e+03 2.0e+03 2.0e+03 1.0e+00 1.0e+00 2.0e+03 2.0e+03 2.0e+03 1.0e+00
 1.0e+00 2.0e+03 2.0e+03 2.0e+03 1.0e+00 1.0e+00 2.0e+03 2.0e+03 2.0e+03
 1.0e+00 1.0e+00 2.0e+03 2.0e+03 2.0e+03 1.0e+00 1.0e+00 2.0e+03 2.0e+03
 2.0e+03 1.0e+00 1.0e+00 2.0e+03 2.0e+03 2.0e+03 1.0e+00 1.0e+00 2.0e+03
 2.0e+03 1.0e+03 1.0e+00 2.0e+03 2.0e+03 1.0e+03 1.0e+00 2.0e+03 2.0e+03
 1.0e+03 1.0e+00 2.0e+03 2.0e+03 1.0e+03 1.0e+00 2.0e+03 2.0e+03 1.0e+03
 1.0e+00 2.0e+03 2.0e+03 1.0e+03 1.0e+00 2.0e+03 2.0e+03 1.0e+03 1.0e+00
 2.0e+03 2.0e+03 1.0e+03 1.0e+00 2.0e+03 2.0e+03 1.0e+03 1.0e+00 2.0e+03
 2.0e+03 1.0e+03 2.0e+03 2.0e+03 1.8e+02 1.0e+00 2.0e+03 2.0e+03 1.0e+03
 2.0e+03 2.0e+03 1.8e+02 1.0e+00 2.0e+03 2.0e+03 1.0e+03 2.0e+03 2.0e+03
 1.8e+02 1.0e+00 2.0e+03 2.0e+03 1.0e+03 2.0e+03 2.0e+03 1.8e+02 1.0e+00
 2.0e+03 2.0e+03 1.0e+03 2.0e+03 2.0e+03 1.8e+02 1.0e+00 2.0e+03 2.0e+03
 1.0e+03 2.0e+03 2.0e+03 1.8e+02 1.0e+00 2.0e+03 2.0e+03 1.0e+03 2.0e+03
 2.0e+03 1.8e+02 1.0e+00 2.0e+03 2.0e+03 1.0e+03 2.0e+03 2.0e+03 1.8e+02
 1.0e+00], (154,), float64), Box([ 0.e+00  0.e+00  0.e+00  0.e+00 -2.e+03 -2.e+03 -2.e+03 -2.e+03 -2.e+03
 -2.e+03 -2.e+03 -2.e+03  0.e+00 -2.e+03 -2.e+03  0.e+00 -2.e+03 -2.e+03
  0.e+00  0.e+00  0.e+00  0.e+00 -2.e+03 -2.e+03  0.e+00 -1.e+00 -1.e+00
 -2.e+03 -2.e+03  0.e+00 -1.e+00 -1.e+00 -2.e+03 -2.e+03  0.e+00 -1.e+00
 -1.e+00 -2.e+03 -2.e+03  0.e+00 -1.e+00 -1.e+00 -2.e+03 -2.e+03  0.e+00
 -1.e+00 -1.e+00 -2.e+03 -2.e+03  0.e+00 -1.e+00 -1.e+00 -2.e+03 -2.e+03
  0.e+00 -1.e+00 -1.e+00 -2.e+03 -2.e+03  0.e+00 -1.e+00 -1.e+00 -2.e+03
 -2.e+03  0.e+00 -1.e+00 -2.e+03 -2.e+03  0.e+00 -1.e+00 -2.e+03 -2.e+03
  0.e+00 -1.e+00 -2.e+03 -2.e+03  0.e+00 -1.e+00 -2.e+03 -2.e+03  0.e+00
 -1.e+00 -2.e+03 -2.e+03  0.e+00 -1.e+00 -2.e+03 -2.e+03  0.e+00 -1.e+00
 -2.e+03 -2.e+03  0.e+00 -1.e+00 -2.e+03 -2.e+03  0.e+00 -1.e+00 -2.e+03
 -2.e+03  0.e+00 -2.e+03 -2.e+03  0.e+00 -1.e+00 -2.e+03 -2.e+03  0.e+00
 -2.e+03 -2.e+03  0.e+00 -1.e+00 -2.e+03 -2.e+03  0.e+00 -2.e+03 -2.e+03
  0.e+00 -1.e+00 -2.e+03 -2.e+03  0.e+00 -2.e+03 -2.e+03  0.e+00 -1.e+00
 -2.e+03 -2.e+03  0.e+00 -2.e+03 -2.e+03  0.e+00 -1.e+00 -2.e+03 -2.e+03
  0.e+00 -2.e+03 -2.e+03  0.e+00 -1.e+00 -2.e+03 -2.e+03  0.e+00 -2.e+03
 -2.e+03  0.e+00 -1.e+00 -2.e+03 -2.e+03  0.e+00 -2.e+03 -2.e+03  0.e+00
 -1.e+00], [    inf     inf     inf     inf 2.0e+03 2.0e+03 2.0e+03 2.0e+03 2.0e+03
 2.0e+03 2.0e+03 2.0e+03 1.0e+03 2.0e+03 2.0e+03 1.0e+03 2.0e+03 2.0e+03
 1.8e+02 2.0e+03 1.8e+02 1.8e+02 2.0e+03 2.0e+03 2.0e+03 1.0e+00 1.0e+00
 2.0e+03 2.0e+03 2.0e+03 1.0e+00 1.0e+00 2.0e+03 2.0e+03 2.0e+03 1.0e+00
 1.0e+00 2.0e+03 2.0e+03 2.0e+03 1.0e+00 1.0e+00 2.0e+03 2.0e+03 2.0e+03
 1.0e+00 1.0e+00 2.0e+03 2.0e+03 2.0e+03 1.0e+00 1.0e+00 2.0e+03 2.0e+03
 2.0e+03 1.0e+00 1.0e+00 2.0e+03 2.0e+03 2.0e+03 1.0e+00 1.0e+00 2.0e+03
 2.0e+03 1.0e+03 1.0e+00 2.0e+03 2.0e+03 1.0e+03 1.0e+00 2.0e+03 2.0e+03
 1.0e+03 1.0e+00 2.0e+03 2.0e+03 1.0e+03 1.0e+00 2.0e+03 2.0e+03 1.0e+03
 1.0e+00 2.0e+03 2.0e+03 1.0e+03 1.0e+00 2.0e+03 2.0e+03 1.0e+03 1.0e+00
 2.0e+03 2.0e+03 1.0e+03 1.0e+00 2.0e+03 2.0e+03 1.0e+03 1.0e+00 2.0e+03
 2.0e+03 1.0e+03 2.0e+03 2.0e+03 1.8e+02 1.0e+00 2.0e+03 2.0e+03 1.0e+03
 2.0e+03 2.0e+03 1.8e+02 1.0e+00 2.0e+03 2.0e+03 1.0e+03 2.0e+03 2.0e+03
 1.8e+02 1.0e+00 2.0e+03 2.0e+03 1.0e+03 2.0e+03 2.0e+03 1.8e+02 1.0e+00
 2.0e+03 2.0e+03 1.0e+03 2.0e+03 2.0e+03 1.8e+02 1.0e+00 2.0e+03 2.0e+03
 1.0e+03 2.0e+03 2.0e+03 1.8e+02 1.0e+00 2.0e+03 2.0e+03 1.0e+03 2.0e+03
 2.0e+03 1.8e+02 1.0e+00 2.0e+03 2.0e+03 1.0e+03 2.0e+03 2.0e+03 1.8e+02
 1.0e+00], (154,), float64), Box([ 0.e+00  0.e+00  0.e+00  0.e+00 -2.e+03 -2.e+03 -2.e+03 -2.e+03 -2.e+03
 -2.e+03 -2.e+03 -2.e+03  0.e+00 -2.e+03 -2.e+03  0.e+00 -2.e+03 -2.e+03
  0.e+00  0.e+00  0.e+00  0.e+00 -2.e+03 -2.e+03  0.e+00 -1.e+00 -1.e+00
 -2.e+03 -2.e+03  0.e+00 -1.e+00 -1.e+00 -2.e+03 -2.e+03  0.e+00 -1.e+00
 -1.e+00 -2.e+03 -2.e+03  0.e+00 -1.e+00 -1.e+00 -2.e+03 -2.e+03  0.e+00
 -1.e+00 -1.e+00 -2.e+03 -2.e+03  0.e+00 -1.e+00 -1.e+00 -2.e+03 -2.e+03
  0.e+00 -1.e+00 -1.e+00 -2.e+03 -2.e+03  0.e+00 -1.e+00 -1.e+00 -2.e+03
 -2.e+03  0.e+00 -1.e+00 -2.e+03 -2.e+03  0.e+00 -1.e+00 -2.e+03 -2.e+03
  0.e+00 -1.e+00 -2.e+03 -2.e+03  0.e+00 -1.e+00 -2.e+03 -2.e+03  0.e+00
 -1.e+00 -2.e+03 -2.e+03  0.e+00 -1.e+00 -2.e+03 -2.e+03  0.e+00 -1.e+00
 -2.e+03 -2.e+03  0.e+00 -1.e+00 -2.e+03 -2.e+03  0.e+00 -1.e+00 -2.e+03
 -2.e+03  0.e+00 -2.e+03 -2.e+03  0.e+00 -1.e+00 -2.e+03 -2.e+03  0.e+00
 -2.e+03 -2.e+03  0.e+00 -1.e+00 -2.e+03 -2.e+03  0.e+00 -2.e+03 -2.e+03
  0.e+00 -1.e+00 -2.e+03 -2.e+03  0.e+00 -2.e+03 -2.e+03  0.e+00 -1.e+00
 -2.e+03 -2.e+03  0.e+00 -2.e+03 -2.e+03  0.e+00 -1.e+00 -2.e+03 -2.e+03
  0.e+00 -2.e+03 -2.e+03  0.e+00 -1.e+00 -2.e+03 -2.e+03  0.e+00 -2.e+03
 -2.e+03  0.e+00 -1.e+00 -2.e+03 -2.e+03  0.e+00 -2.e+03 -2.e+03  0.e+00
 -1.e+00], [    inf     inf     inf     inf 2.0e+03 2.0e+03 2.0e+03 2.0e+03 2.0e+03
 2.0e+03 2.0e+03 2.0e+03 1.0e+03 2.0e+03 2.0e+03 1.0e+03 2.0e+03 2.0e+03
 1.8e+02 2.0e+03 1.8e+02 1.8e+02 2.0e+03 2.0e+03 2.0e+03 1.0e+00 1.0e+00
 2.0e+03 2.0e+03 2.0e+03 1.0e+00 1.0e+00 2.0e+03 2.0e+03 2.0e+03 1.0e+00
 1.0e+00 2.0e+03 2.0e+03 2.0e+03 1.0e+00 1.0e+00 2.0e+03 2.0e+03 2.0e+03
 1.0e+00 1.0e+00 2.0e+03 2.0e+03 2.0e+03 1.0e+00 1.0e+00 2.0e+03 2.0e+03
 2.0e+03 1.0e+00 1.0e+00 2.0e+03 2.0e+03 2.0e+03 1.0e+00 1.0e+00 2.0e+03
 2.0e+03 1.0e+03 1.0e+00 2.0e+03 2.0e+03 1.0e+03 1.0e+00 2.0e+03 2.0e+03
 1.0e+03 1.0e+00 2.0e+03 2.0e+03 1.0e+03 1.0e+00 2.0e+03 2.0e+03 1.0e+03
 1.0e+00 2.0e+03 2.0e+03 1.0e+03 1.0e+00 2.0e+03 2.0e+03 1.0e+03 1.0e+00
 2.0e+03 2.0e+03 1.0e+03 1.0e+00 2.0e+03 2.0e+03 1.0e+03 1.0e+00 2.0e+03
 2.0e+03 1.0e+03 2.0e+03 2.0e+03 1.8e+02 1.0e+00 2.0e+03 2.0e+03 1.0e+03
 2.0e+03 2.0e+03 1.8e+02 1.0e+00 2.0e+03 2.0e+03 1.0e+03 2.0e+03 2.0e+03
 1.8e+02 1.0e+00 2.0e+03 2.0e+03 1.0e+03 2.0e+03 2.0e+03 1.8e+02 1.0e+00
 2.0e+03 2.0e+03 1.0e+03 2.0e+03 2.0e+03 1.8e+02 1.0e+00 2.0e+03 2.0e+03
 1.0e+03 2.0e+03 2.0e+03 1.8e+02 1.0e+00 2.0e+03 2.0e+03 1.0e+03 2.0e+03
 2.0e+03 1.8e+02 1.0e+00 2.0e+03 2.0e+03 1.0e+03 2.0e+03 2.0e+03 1.8e+02
 1.0e+00], (154,), float64), Box([ 0.e+00  0.e+00  0.e+00  0.e+00 -2.e+03 -2.e+03 -2.e+03 -2.e+03 -2.e+03
 -2.e+03 -2.e+03 -2.e+03  0.e+00 -2.e+03 -2.e+03  0.e+00 -2.e+03 -2.e+03
  0.e+00  0.e+00  0.e+00  0.e+00 -2.e+03 -2.e+03  0.e+00 -1.e+00 -1.e+00
 -2.e+03 -2.e+03  0.e+00 -1.e+00 -1.e+00 -2.e+03 -2.e+03  0.e+00 -1.e+00
 -1.e+00 -2.e+03 -2.e+03  0.e+00 -1.e+00 -1.e+00 -2.e+03 -2.e+03  0.e+00
 -1.e+00 -1.e+00 -2.e+03 -2.e+03  0.e+00 -1.e+00 -1.e+00 -2.e+03 -2.e+03
  0.e+00 -1.e+00 -1.e+00 -2.e+03 -2.e+03  0.e+00 -1.e+00 -1.e+00 -2.e+03
 -2.e+03  0.e+00 -1.e+00 -2.e+03 -2.e+03  0.e+00 -1.e+00 -2.e+03 -2.e+03
  0.e+00 -1.e+00 -2.e+03 -2.e+03  0.e+00 -1.e+00 -2.e+03 -2.e+03  0.e+00
 -1.e+00 -2.e+03 -2.e+03  0.e+00 -1.e+00 -2.e+03 -2.e+03  0.e+00 -1.e+00
 -2.e+03 -2.e+03  0.e+00 -1.e+00 -2.e+03 -2.e+03  0.e+00 -1.e+00 -2.e+03
 -2.e+03  0.e+00 -2.e+03 -2.e+03  0.e+00 -1.e+00 -2.e+03 -2.e+03  0.e+00
 -2.e+03 -2.e+03  0.e+00 -1.e+00 -2.e+03 -2.e+03  0.e+00 -2.e+03 -2.e+03
  0.e+00 -1.e+00 -2.e+03 -2.e+03  0.e+00 -2.e+03 -2.e+03  0.e+00 -1.e+00
 -2.e+03 -2.e+03  0.e+00 -2.e+03 -2.e+03  0.e+00 -1.e+00 -2.e+03 -2.e+03
  0.e+00 -2.e+03 -2.e+03  0.e+00 -1.e+00 -2.e+03 -2.e+03  0.e+00 -2.e+03
 -2.e+03  0.e+00 -1.e+00 -2.e+03 -2.e+03  0.e+00 -2.e+03 -2.e+03  0.e+00
 -1.e+00], [    inf     inf     inf     inf 2.0e+03 2.0e+03 2.0e+03 2.0e+03 2.0e+03
 2.0e+03 2.0e+03 2.0e+03 1.0e+03 2.0e+03 2.0e+03 1.0e+03 2.0e+03 2.0e+03
 1.8e+02 2.0e+03 1.8e+02 1.8e+02 2.0e+03 2.0e+03 2.0e+03 1.0e+00 1.0e+00
 2.0e+03 2.0e+03 2.0e+03 1.0e+00 1.0e+00 2.0e+03 2.0e+03 2.0e+03 1.0e+00
 1.0e+00 2.0e+03 2.0e+03 2.0e+03 1.0e+00 1.0e+00 2.0e+03 2.0e+03 2.0e+03
 1.0e+00 1.0e+00 2.0e+03 2.0e+03 2.0e+03 1.0e+00 1.0e+00 2.0e+03 2.0e+03
 2.0e+03 1.0e+00 1.0e+00 2.0e+03 2.0e+03 2.0e+03 1.0e+00 1.0e+00 2.0e+03
 2.0e+03 1.0e+03 1.0e+00 2.0e+03 2.0e+03 1.0e+03 1.0e+00 2.0e+03 2.0e+03
 1.0e+03 1.0e+00 2.0e+03 2.0e+03 1.0e+03 1.0e+00 2.0e+03 2.0e+03 1.0e+03
 1.0e+00 2.0e+03 2.0e+03 1.0e+03 1.0e+00 2.0e+03 2.0e+03 1.0e+03 1.0e+00
 2.0e+03 2.0e+03 1.0e+03 1.0e+00 2.0e+03 2.0e+03 1.0e+03 1.0e+00 2.0e+03
 2.0e+03 1.0e+03 2.0e+03 2.0e+03 1.8e+02 1.0e+00 2.0e+03 2.0e+03 1.0e+03
 2.0e+03 2.0e+03 1.8e+02 1.0e+00 2.0e+03 2.0e+03 1.0e+03 2.0e+03 2.0e+03
 1.8e+02 1.0e+00 2.0e+03 2.0e+03 1.0e+03 2.0e+03 2.0e+03 1.8e+02 1.0e+00
 2.0e+03 2.0e+03 1.0e+03 2.0e+03 2.0e+03 1.8e+02 1.0e+00 2.0e+03 2.0e+03
 1.0e+03 2.0e+03 2.0e+03 1.8e+02 1.0e+00 2.0e+03 2.0e+03 1.0e+03 2.0e+03
 2.0e+03 1.8e+02 1.0e+00 2.0e+03 2.0e+03 1.0e+03 2.0e+03 2.0e+03 1.8e+02
 1.0e+00], (154,), float64), Box([ 0.e+00  0.e+00  0.e+00  0.e+00 -2.e+03 -2.e+03 -2.e+03 -2.e+03 -2.e+03
 -2.e+03 -2.e+03 -2.e+03  0.e+00 -2.e+03 -2.e+03  0.e+00 -2.e+03 -2.e+03
  0.e+00  0.e+00  0.e+00  0.e+00 -2.e+03 -2.e+03  0.e+00 -1.e+00 -1.e+00
 -2.e+03 -2.e+03  0.e+00 -1.e+00 -1.e+00 -2.e+03 -2.e+03  0.e+00 -1.e+00
 -1.e+00 -2.e+03 -2.e+03  0.e+00 -1.e+00 -1.e+00 -2.e+03 -2.e+03  0.e+00
 -1.e+00 -1.e+00 -2.e+03 -2.e+03  0.e+00 -1.e+00 -1.e+00 -2.e+03 -2.e+03
  0.e+00 -1.e+00 -1.e+00 -2.e+03 -2.e+03  0.e+00 -1.e+00 -1.e+00 -2.e+03
 -2.e+03  0.e+00 -1.e+00 -2.e+03 -2.e+03  0.e+00 -1.e+00 -2.e+03 -2.e+03
  0.e+00 -1.e+00 -2.e+03 -2.e+03  0.e+00 -1.e+00 -2.e+03 -2.e+03  0.e+00
 -1.e+00 -2.e+03 -2.e+03  0.e+00 -1.e+00 -2.e+03 -2.e+03  0.e+00 -1.e+00
 -2.e+03 -2.e+03  0.e+00 -1.e+00 -2.e+03 -2.e+03  0.e+00 -1.e+00 -2.e+03
 -2.e+03  0.e+00 -2.e+03 -2.e+03  0.e+00 -1.e+00 -2.e+03 -2.e+03  0.e+00
 -2.e+03 -2.e+03  0.e+00 -1.e+00 -2.e+03 -2.e+03  0.e+00 -2.e+03 -2.e+03
  0.e+00 -1.e+00 -2.e+03 -2.e+03  0.e+00 -2.e+03 -2.e+03  0.e+00 -1.e+00
 -2.e+03 -2.e+03  0.e+00 -2.e+03 -2.e+03  0.e+00 -1.e+00 -2.e+03 -2.e+03
  0.e+00 -2.e+03 -2.e+03  0.e+00 -1.e+00 -2.e+03 -2.e+03  0.e+00 -2.e+03
 -2.e+03  0.e+00 -1.e+00 -2.e+03 -2.e+03  0.e+00 -2.e+03 -2.e+03  0.e+00
 -1.e+00], [    inf     inf     inf     inf 2.0e+03 2.0e+03 2.0e+03 2.0e+03 2.0e+03
 2.0e+03 2.0e+03 2.0e+03 1.0e+03 2.0e+03 2.0e+03 1.0e+03 2.0e+03 2.0e+03
 1.8e+02 2.0e+03 1.8e+02 1.8e+02 2.0e+03 2.0e+03 2.0e+03 1.0e+00 1.0e+00
 2.0e+03 2.0e+03 2.0e+03 1.0e+00 1.0e+00 2.0e+03 2.0e+03 2.0e+03 1.0e+00
 1.0e+00 2.0e+03 2.0e+03 2.0e+03 1.0e+00 1.0e+00 2.0e+03 2.0e+03 2.0e+03
 1.0e+00 1.0e+00 2.0e+03 2.0e+03 2.0e+03 1.0e+00 1.0e+00 2.0e+03 2.0e+03
 2.0e+03 1.0e+00 1.0e+00 2.0e+03 2.0e+03 2.0e+03 1.0e+00 1.0e+00 2.0e+03
 2.0e+03 1.0e+03 1.0e+00 2.0e+03 2.0e+03 1.0e+03 1.0e+00 2.0e+03 2.0e+03
 1.0e+03 1.0e+00 2.0e+03 2.0e+03 1.0e+03 1.0e+00 2.0e+03 2.0e+03 1.0e+03
 1.0e+00 2.0e+03 2.0e+03 1.0e+03 1.0e+00 2.0e+03 2.0e+03 1.0e+03 1.0e+00
 2.0e+03 2.0e+03 1.0e+03 1.0e+00 2.0e+03 2.0e+03 1.0e+03 1.0e+00 2.0e+03
 2.0e+03 1.0e+03 2.0e+03 2.0e+03 1.8e+02 1.0e+00 2.0e+03 2.0e+03 1.0e+03
 2.0e+03 2.0e+03 1.8e+02 1.0e+00 2.0e+03 2.0e+03 1.0e+03 2.0e+03 2.0e+03
 1.8e+02 1.0e+00 2.0e+03 2.0e+03 1.0e+03 2.0e+03 2.0e+03 1.8e+02 1.0e+00
 2.0e+03 2.0e+03 1.0e+03 2.0e+03 2.0e+03 1.8e+02 1.0e+00 2.0e+03 2.0e+03
 1.0e+03 2.0e+03 2.0e+03 1.8e+02 1.0e+00 2.0e+03 2.0e+03 1.0e+03 2.0e+03
 2.0e+03 1.8e+02 1.0e+00 2.0e+03 2.0e+03 1.0e+03 2.0e+03 2.0e+03 1.8e+02
 1.0e+00], (154,), float64))
  shape:  None
  dtype:  None
  spaces:

  [0]
    type:   <class 'gymnasium.spaces.box.Box'>
    space:  Box([ 0.e+00  0.e+00  0.e+00  0.e+00 -2.e+03 -2.e+03 -2.e+03 -2.e+03 -2.e+03
 -2.e+03 -2.e+03 -2.e+03  0.e+00 -2.e+03 -2.e+03  0.e+00 -2.e+03 -2.e+03
  0.e+00  0.e+00  0.e+00  0.e+00 -2.e+03 -2.e+03  0.e+00 -1.e+00 -1.e+00
 -2.e+03 -2.e+03  0.e+00 -1.e+00 -1.e+00 -2.e+03 -2.e+03  0.e+00 -1.e+00
 -1.e+00 -2.e+03 -2.e+03  0.e+00 -1.e+00 -1.e+00 -2.e+03 -2.e+03  0.e+00
 -1.e+00 -1.e+00 -2.e+03 -2.e+03  0.e+00 -1.e+00 -1.e+00 -2.e+03 -2.e+03
  0.e+00 -1.e+00 -1.e+00 -2.e+03 -2.e+03  0.e+00 -1.e+00 -1.e+00 -2.e+03
 -2.e+03  0.e+00 -1.e+00 -2.e+03 -2.e+03  0.e+00 -1.e+00 -2.e+03 -2.e+03
  0.e+00 -1.e+00 -2.e+03 -2.e+03  0.e+00 -1.e+00 -2.e+03 -2.e+03  0.e+00
 -1.e+00 -2.e+03 -2.e+03  0.e+00 -1.e+00 -2.e+03 -2.e+03  0.e+00 -1.e+00
 -2.e+03 -2.e+03  0.e+00 -1.e+00 -2.e+03 -2.e+03  0.e+00 -1.e+00 -2.e+03
 -2.e+03  0.e+00 -2.e+03 -2.e+03  0.e+00 -1.e+00 -2.e+03 -2.e+03  0.e+00
 -2.e+03 -2.e+03  0.e+00 -1.e+00 -2.e+03 -2.e+03  0.e+00 -2.e+03 -2.e+03
  0.e+00 -1.e+00 -2.e+03 -2.e+03  0.e+00 -2.e+03 -2.e+03  0.e+00 -1.e+00
 -2.e+03 -2.e+03  0.e+00 -2.e+03 -2.e+03  0.e+00 -1.e+00 -2.e+03 -2.e+03
  0.e+00 -2.e+03 -2.e+03  0.e+00 -1.e+00 -2.e+03 -2.e+03  0.e+00 -2.e+03
 -2.e+03  0.e+00 -1.e+00 -2.e+03 -2.e+03  0.e+00 -2.e+03 -2.e+03  0.e+00
 -1.e+00], [    inf     inf     inf     inf 2.0e+03 2.0e+03 2.0e+03 2.0e+03 2.0e+03
 2.0e+03 2.0e+03 2.0e+03 1.0e+03 2.0e+03 2.0e+03 1.0e+03 2.0e+03 2.0e+03
 1.8e+02 2.0e+03 1.8e+02 1.8e+02 2.0e+03 2.0e+03 2.0e+03 1.0e+00 1.0e+00
 2.0e+03 2.0e+03 2.0e+03 1.0e+00 1.0e+00 2.0e+03 2.0e+03 2.0e+03 1.0e+00
 1.0e+00 2.0e+03 2.0e+03 2.0e+03 1.0e+00 1.0e+00 2.0e+03 2.0e+03 2.0e+03
 1.0e+00 1.0e+00 2.0e+03 2.0e+03 2.0e+03 1.0e+00 1.0e+00 2.0e+03 2.0e+03
 2.0e+03 1.0e+00 1.0e+00 2.0e+03 2.0e+03 2.0e+03 1.0e+00 1.0e+00 2.0e+03
 2.0e+03 1.0e+03 1.0e+00 2.0e+03 2.0e+03 1.0e+03 1.0e+00 2.0e+03 2.0e+03
 1.0e+03 1.0e+00 2.0e+03 2.0e+03 1.0e+03 1.0e+00 2.0e+03 2.0e+03 1.0e+03
 1.0e+00 2.0e+03 2.0e+03 1.0e+03 1.0e+00 2.0e+03 2.0e+03 1.0e+03 1.0e+00
 2.0e+03 2.0e+03 1.0e+03 1.0e+00 2.0e+03 2.0e+03 1.0e+03 1.0e+00 2.0e+03
 2.0e+03 1.0e+03 2.0e+03 2.0e+03 1.8e+02 1.0e+00 2.0e+03 2.0e+03 1.0e+03
 2.0e+03 2.0e+03 1.8e+02 1.0e+00 2.0e+03 2.0e+03 1.0e+03 2.0e+03 2.0e+03
 1.8e+02 1.0e+00 2.0e+03 2.0e+03 1.0e+03 2.0e+03 2.0e+03 1.8e+02 1.0e+00
 2.0e+03 2.0e+03 1.0e+03 2.0e+03 2.0e+03 1.8e+02 1.0e+00 2.0e+03 2.0e+03
 1.0e+03 2.0e+03 2.0e+03 1.8e+02 1.0e+00 2.0e+03 2.0e+03 1.0e+03 2.0e+03
 2.0e+03 1.8e+02 1.0e+00 2.0e+03 2.0e+03 1.0e+03 2.0e+03 2.0e+03 1.8e+02
 1.0e+00], (154,), float64)
    shape:  (154,)
    dtype:  float64

  [1]
    type:   <class 'gymnasium.spaces.box.Box'>
    space:  Box([ 0.e+00  0.e+00  0.e+00  0.e+00 -2.e+03 -2.e+03 -2.e+03 -2.e+03 -2.e+03
 -2.e+03 -2.e+03 -2.e+03  0.e+00 -2.e+03 -2.e+03  0.e+00 -2.e+03 -2.e+03
  0.e+00  0.e+00  0.e+00  0.e+00 -2.e+03 -2.e+03  0.e+00 -1.e+00 -1.e+00
 -2.e+03 -2.e+03  0.e+00 -1.e+00 -1.e+00 -2.e+03 -2.e+03  0.e+00 -1.e+00
 -1.e+00 -2.e+03 -2.e+03  0.e+00 -1.e+00 -1.e+00 -2.e+03 -2.e+03  0.e+00
 -1.e+00 -1.e+00 -2.e+03 -2.e+03  0.e+00 -1.e+00 -1.e+00 -2.e+03 -2.e+03
  0.e+00 -1.e+00 -1.e+00 -2.e+03 -2.e+03  0.e+00 -1.e+00 -1.e+00 -2.e+03
 -2.e+03  0.e+00 -1.e+00 -2.e+03 -2.e+03  0.e+00 -1.e+00 -2.e+03 -2.e+03
  0.e+00 -1.e+00 -2.e+03 -2.e+03  0.e+00 -1.e+00 -2.e+03 -2.e+03  0.e+00
 -1.e+00 -2.e+03 -2.e+03  0.e+00 -1.e+00 -2.e+03 -2.e+03  0.e+00 -1.e+00
 -2.e+03 -2.e+03  0.e+00 -1.e+00 -2.e+03 -2.e+03  0.e+00 -1.e+00 -2.e+03
 -2.e+03  0.e+00 -2.e+03 -2.e+03  0.e+00 -1.e+00 -2.e+03 -2.e+03  0.e+00
 -2.e+03 -2.e+03  0.e+00 -1.e+00 -2.e+03 -2.e+03  0.e+00 -2.e+03 -2.e+03
  0.e+00 -1.e+00 -2.e+03 -2.e+03  0.e+00 -2.e+03 -2.e+03  0.e+00 -1.e+00
 -2.e+03 -2.e+03  0.e+00 -2.e+03 -2.e+03  0.e+00 -1.e+00 -2.e+03 -2.e+03
  0.e+00 -2.e+03 -2.e+03  0.e+00 -1.e+00 -2.e+03 -2.e+03  0.e+00 -2.e+03
 -2.e+03  0.e+00 -1.e+00 -2.e+03 -2.e+03  0.e+00 -2.e+03 -2.e+03  0.e+00
 -1.e+00], [    inf     inf     inf     inf 2.0e+03 2.0e+03 2.0e+03 2.0e+03 2.0e+03
 2.0e+03 2.0e+03 2.0e+03 1.0e+03 2.0e+03 2.0e+03 1.0e+03 2.0e+03 2.0e+03
 1.8e+02 2.0e+03 1.8e+02 1.8e+02 2.0e+03 2.0e+03 2.0e+03 1.0e+00 1.0e+00
 2.0e+03 2.0e+03 2.0e+03 1.0e+00 1.0e+00 2.0e+03 2.0e+03 2.0e+03 1.0e+00
 1.0e+00 2.0e+03 2.0e+03 2.0e+03 1.0e+00 1.0e+00 2.0e+03 2.0e+03 2.0e+03
 1.0e+00 1.0e+00 2.0e+03 2.0e+03 2.0e+03 1.0e+00 1.0e+00 2.0e+03 2.0e+03
 2.0e+03 1.0e+00 1.0e+00 2.0e+03 2.0e+03 2.0e+03 1.0e+00 1.0e+00 2.0e+03
 2.0e+03 1.0e+03 1.0e+00 2.0e+03 2.0e+03 1.0e+03 1.0e+00 2.0e+03 2.0e+03
 1.0e+03 1.0e+00 2.0e+03 2.0e+03 1.0e+03 1.0e+00 2.0e+03 2.0e+03 1.0e+03
 1.0e+00 2.0e+03 2.0e+03 1.0e+03 1.0e+00 2.0e+03 2.0e+03 1.0e+03 1.0e+00
 2.0e+03 2.0e+03 1.0e+03 1.0e+00 2.0e+03 2.0e+03 1.0e+03 1.0e+00 2.0e+03
 2.0e+03 1.0e+03 2.0e+03 2.0e+03 1.8e+02 1.0e+00 2.0e+03 2.0e+03 1.0e+03
 2.0e+03 2.0e+03 1.8e+02 1.0e+00 2.0e+03 2.0e+03 1.0e+03 2.0e+03 2.0e+03
 1.8e+02 1.0e+00 2.0e+03 2.0e+03 1.0e+03 2.0e+03 2.0e+03 1.8e+02 1.0e+00
 2.0e+03 2.0e+03 1.0e+03 2.0e+03 2.0e+03 1.8e+02 1.0e+00 2.0e+03 2.0e+03
 1.0e+03 2.0e+03 2.0e+03 1.8e+02 1.0e+00 2.0e+03 2.0e+03 1.0e+03 2.0e+03
 2.0e+03 1.8e+02 1.0e+00 2.0e+03 2.0e+03 1.0e+03 2.0e+03 2.0e+03 1.8e+02
 1.0e+00], (154,), float64)
    shape:  (154,)
    dtype:  float64

  [2]
    type:   <class 'gymnasium.spaces.box.Box'>
    space:  Box([ 0.e+00  0.e+00  0.e+00  0.e+00 -2.e+03 -2.e+03 -2.e+03 -2.e+03 -2.e+03
 -2.e+03 -2.e+03 -2.e+03  0.e+00 -2.e+03 -2.e+03  0.e+00 -2.e+03 -2.e+03
  0.e+00  0.e+00  0.e+00  0.e+00 -2.e+03 -2.e+03  0.e+00 -1.e+00 -1.e+00
 -2.e+03 -2.e+03  0.e+00 -1.e+00 -1.e+00 -2.e+03 -2.e+03  0.e+00 -1.e+00
 -1.e+00 -2.e+03 -2.e+03  0.e+00 -1.e+00 -1.e+00 -2.e+03 -2.e+03  0.e+00
 -1.e+00 -1.e+00 -2.e+03 -2.e+03  0.e+00 -1.e+00 -1.e+00 -2.e+03 -2.e+03
  0.e+00 -1.e+00 -1.e+00 -2.e+03 -2.e+03  0.e+00 -1.e+00 -1.e+00 -2.e+03
 -2.e+03  0.e+00 -1.e+00 -2.e+03 -2.e+03  0.e+00 -1.e+00 -2.e+03 -2.e+03
  0.e+00 -1.e+00 -2.e+03 -2.e+03  0.e+00 -1.e+00 -2.e+03 -2.e+03  0.e+00
 -1.e+00 -2.e+03 -2.e+03  0.e+00 -1.e+00 -2.e+03 -2.e+03  0.e+00 -1.e+00
 -2.e+03 -2.e+03  0.e+00 -1.e+00 -2.e+03 -2.e+03  0.e+00 -1.e+00 -2.e+03
 -2.e+03  0.e+00 -2.e+03 -2.e+03  0.e+00 -1.e+00 -2.e+03 -2.e+03  0.e+00
 -2.e+03 -2.e+03  0.e+00 -1.e+00 -2.e+03 -2.e+03  0.e+00 -2.e+03 -2.e+03
  0.e+00 -1.e+00 -2.e+03 -2.e+03  0.e+00 -2.e+03 -2.e+03  0.e+00 -1.e+00
 -2.e+03 -2.e+03  0.e+00 -2.e+03 -2.e+03  0.e+00 -1.e+00 -2.e+03 -2.e+03
  0.e+00 -2.e+03 -2.e+03  0.e+00 -1.e+00 -2.e+03 -2.e+03  0.e+00 -2.e+03
 -2.e+03  0.e+00 -1.e+00 -2.e+03 -2.e+03  0.e+00 -2.e+03 -2.e+03  0.e+00
 -1.e+00], [    inf     inf     inf     inf 2.0e+03 2.0e+03 2.0e+03 2.0e+03 2.0e+03
 2.0e+03 2.0e+03 2.0e+03 1.0e+03 2.0e+03 2.0e+03 1.0e+03 2.0e+03 2.0e+03
 1.8e+02 2.0e+03 1.8e+02 1.8e+02 2.0e+03 2.0e+03 2.0e+03 1.0e+00 1.0e+00
 2.0e+03 2.0e+03 2.0e+03 1.0e+00 1.0e+00 2.0e+03 2.0e+03 2.0e+03 1.0e+00
 1.0e+00 2.0e+03 2.0e+03 2.0e+03 1.0e+00 1.0e+00 2.0e+03 2.0e+03 2.0e+03
 1.0e+00 1.0e+00 2.0e+03 2.0e+03 2.0e+03 1.0e+00 1.0e+00 2.0e+03 2.0e+03
 2.0e+03 1.0e+00 1.0e+00 2.0e+03 2.0e+03 2.0e+03 1.0e+00 1.0e+00 2.0e+03
 2.0e+03 1.0e+03 1.0e+00 2.0e+03 2.0e+03 1.0e+03 1.0e+00 2.0e+03 2.0e+03
 1.0e+03 1.0e+00 2.0e+03 2.0e+03 1.0e+03 1.0e+00 2.0e+03 2.0e+03 1.0e+03
 1.0e+00 2.0e+03 2.0e+03 1.0e+03 1.0e+00 2.0e+03 2.0e+03 1.0e+03 1.0e+00
 2.0e+03 2.0e+03 1.0e+03 1.0e+00 2.0e+03 2.0e+03 1.0e+03 1.0e+00 2.0e+03
 2.0e+03 1.0e+03 2.0e+03 2.0e+03 1.8e+02 1.0e+00 2.0e+03 2.0e+03 1.0e+03
 2.0e+03 2.0e+03 1.8e+02 1.0e+00 2.0e+03 2.0e+03 1.0e+03 2.0e+03 2.0e+03
 1.8e+02 1.0e+00 2.0e+03 2.0e+03 1.0e+03 2.0e+03 2.0e+03 1.8e+02 1.0e+00
 2.0e+03 2.0e+03 1.0e+03 2.0e+03 2.0e+03 1.8e+02 1.0e+00 2.0e+03 2.0e+03
 1.0e+03 2.0e+03 2.0e+03 1.8e+02 1.0e+00 2.0e+03 2.0e+03 1.0e+03 2.0e+03
 2.0e+03 1.8e+02 1.0e+00 2.0e+03 2.0e+03 1.0e+03 2.0e+03 2.0e+03 1.8e+02
 1.0e+00], (154,), float64)
    shape:  (154,)
    dtype:  float64

  [3]
    type:   <class 'gymnasium.spaces.box.Box'>
    space:  Box([ 0.e+00  0.e+00  0.e+00  0.e+00 -2.e+03 -2.e+03 -2.e+03 -2.e+03 -2.e+03
 -2.e+03 -2.e+03 -2.e+03  0.e+00 -2.e+03 -2.e+03  0.e+00 -2.e+03 -2.e+03
  0.e+00  0.e+00  0.e+00  0.e+00 -2.e+03 -2.e+03  0.e+00 -1.e+00 -1.e+00
 -2.e+03 -2.e+03  0.e+00 -1.e+00 -1.e+00 -2.e+03 -2.e+03  0.e+00 -1.e+00
 -1.e+00 -2.e+03 -2.e+03  0.e+00 -1.e+00 -1.e+00 -2.e+03 -2.e+03  0.e+00
 -1.e+00 -1.e+00 -2.e+03 -2.e+03  0.e+00 -1.e+00 -1.e+00 -2.e+03 -2.e+03
  0.e+00 -1.e+00 -1.e+00 -2.e+03 -2.e+03  0.e+00 -1.e+00 -1.e+00 -2.e+03
 -2.e+03  0.e+00 -1.e+00 -2.e+03 -2.e+03  0.e+00 -1.e+00 -2.e+03 -2.e+03
  0.e+00 -1.e+00 -2.e+03 -2.e+03  0.e+00 -1.e+00 -2.e+03 -2.e+03  0.e+00
 -1.e+00 -2.e+03 -2.e+03  0.e+00 -1.e+00 -2.e+03 -2.e+03  0.e+00 -1.e+00
 -2.e+03 -2.e+03  0.e+00 -1.e+00 -2.e+03 -2.e+03  0.e+00 -1.e+00 -2.e+03
 -2.e+03  0.e+00 -2.e+03 -2.e+03  0.e+00 -1.e+00 -2.e+03 -2.e+03  0.e+00
 -2.e+03 -2.e+03  0.e+00 -1.e+00 -2.e+03 -2.e+03  0.e+00 -2.e+03 -2.e+03
  0.e+00 -1.e+00 -2.e+03 -2.e+03  0.e+00 -2.e+03 -2.e+03  0.e+00 -1.e+00
 -2.e+03 -2.e+03  0.e+00 -2.e+03 -2.e+03  0.e+00 -1.e+00 -2.e+03 -2.e+03
  0.e+00 -2.e+03 -2.e+03  0.e+00 -1.e+00 -2.e+03 -2.e+03  0.e+00 -2.e+03
 -2.e+03  0.e+00 -1.e+00 -2.e+03 -2.e+03  0.e+00 -2.e+03 -2.e+03  0.e+00
 -1.e+00], [    inf     inf     inf     inf 2.0e+03 2.0e+03 2.0e+03 2.0e+03 2.0e+03
 2.0e+03 2.0e+03 2.0e+03 1.0e+03 2.0e+03 2.0e+03 1.0e+03 2.0e+03 2.0e+03
 1.8e+02 2.0e+03 1.8e+02 1.8e+02 2.0e+03 2.0e+03 2.0e+03 1.0e+00 1.0e+00
 2.0e+03 2.0e+03 2.0e+03 1.0e+00 1.0e+00 2.0e+03 2.0e+03 2.0e+03 1.0e+00
 1.0e+00 2.0e+03 2.0e+03 2.0e+03 1.0e+00 1.0e+00 2.0e+03 2.0e+03 2.0e+03
 1.0e+00 1.0e+00 2.0e+03 2.0e+03 2.0e+03 1.0e+00 1.0e+00 2.0e+03 2.0e+03
 2.0e+03 1.0e+00 1.0e+00 2.0e+03 2.0e+03 2.0e+03 1.0e+00 1.0e+00 2.0e+03
 2.0e+03 1.0e+03 1.0e+00 2.0e+03 2.0e+03 1.0e+03 1.0e+00 2.0e+03 2.0e+03
 1.0e+03 1.0e+00 2.0e+03 2.0e+03 1.0e+03 1.0e+00 2.0e+03 2.0e+03 1.0e+03
 1.0e+00 2.0e+03 2.0e+03 1.0e+03 1.0e+00 2.0e+03 2.0e+03 1.0e+03 1.0e+00
 2.0e+03 2.0e+03 1.0e+03 1.0e+00 2.0e+03 2.0e+03 1.0e+03 1.0e+00 2.0e+03
 2.0e+03 1.0e+03 2.0e+03 2.0e+03 1.8e+02 1.0e+00 2.0e+03 2.0e+03 1.0e+03
 2.0e+03 2.0e+03 1.8e+02 1.0e+00 2.0e+03 2.0e+03 1.0e+03 2.0e+03 2.0e+03
 1.8e+02 1.0e+00 2.0e+03 2.0e+03 1.0e+03 2.0e+03 2.0e+03 1.8e+02 1.0e+00
 2.0e+03 2.0e+03 1.0e+03 2.0e+03 2.0e+03 1.8e+02 1.0e+00 2.0e+03 2.0e+03
 1.0e+03 2.0e+03 2.0e+03 1.8e+02 1.0e+00 2.0e+03 2.0e+03 1.0e+03 2.0e+03
 2.0e+03 1.8e+02 1.0e+00 2.0e+03 2.0e+03 1.0e+03 2.0e+03 2.0e+03 1.8e+02
 1.0e+00], (154,), float64)
    shape:  (154,)
    dtype:  float64

  [4]
    type:   <class 'gymnasium.spaces.box.Box'>
    space:  Box([ 0.e+00  0.e+00  0.e+00  0.e+00 -2.e+03 -2.e+03 -2.e+03 -2.e+03 -2.e+03
 -2.e+03 -2.e+03 -2.e+03  0.e+00 -2.e+03 -2.e+03  0.e+00 -2.e+03 -2.e+03
  0.e+00  0.e+00  0.e+00  0.e+00 -2.e+03 -2.e+03  0.e+00 -1.e+00 -1.e+00
 -2.e+03 -2.e+03  0.e+00 -1.e+00 -1.e+00 -2.e+03 -2.e+03  0.e+00 -1.e+00
 -1.e+00 -2.e+03 -2.e+03  0.e+00 -1.e+00 -1.e+00 -2.e+03 -2.e+03  0.e+00
 -1.e+00 -1.e+00 -2.e+03 -2.e+03  0.e+00 -1.e+00 -1.e+00 -2.e+03 -2.e+03
  0.e+00 -1.e+00 -1.e+00 -2.e+03 -2.e+03  0.e+00 -1.e+00 -1.e+00 -2.e+03
 -2.e+03  0.e+00 -1.e+00 -2.e+03 -2.e+03  0.e+00 -1.e+00 -2.e+03 -2.e+03
  0.e+00 -1.e+00 -2.e+03 -2.e+03  0.e+00 -1.e+00 -2.e+03 -2.e+03  0.e+00
 -1.e+00 -2.e+03 -2.e+03  0.e+00 -1.e+00 -2.e+03 -2.e+03  0.e+00 -1.e+00
 -2.e+03 -2.e+03  0.e+00 -1.e+00 -2.e+03 -2.e+03  0.e+00 -1.e+00 -2.e+03
 -2.e+03  0.e+00 -2.e+03 -2.e+03  0.e+00 -1.e+00 -2.e+03 -2.e+03  0.e+00
 -2.e+03 -2.e+03  0.e+00 -1.e+00 -2.e+03 -2.e+03  0.e+00 -2.e+03 -2.e+03
  0.e+00 -1.e+00 -2.e+03 -2.e+03  0.e+00 -2.e+03 -2.e+03  0.e+00 -1.e+00
 -2.e+03 -2.e+03  0.e+00 -2.e+03 -2.e+03  0.e+00 -1.e+00 -2.e+03 -2.e+03
  0.e+00 -2.e+03 -2.e+03  0.e+00 -1.e+00 -2.e+03 -2.e+03  0.e+00 -2.e+03
 -2.e+03  0.e+00 -1.e+00 -2.e+03 -2.e+03  0.e+00 -2.e+03 -2.e+03  0.e+00
 -1.e+00], [    inf     inf     inf     inf 2.0e+03 2.0e+03 2.0e+03 2.0e+03 2.0e+03
 2.0e+03 2.0e+03 2.0e+03 1.0e+03 2.0e+03 2.0e+03 1.0e+03 2.0e+03 2.0e+03
 1.8e+02 2.0e+03 1.8e+02 1.8e+02 2.0e+03 2.0e+03 2.0e+03 1.0e+00 1.0e+00
 2.0e+03 2.0e+03 2.0e+03 1.0e+00 1.0e+00 2.0e+03 2.0e+03 2.0e+03 1.0e+00
 1.0e+00 2.0e+03 2.0e+03 2.0e+03 1.0e+00 1.0e+00 2.0e+03 2.0e+03 2.0e+03
 1.0e+00 1.0e+00 2.0e+03 2.0e+03 2.0e+03 1.0e+00 1.0e+00 2.0e+03 2.0e+03
 2.0e+03 1.0e+00 1.0e+00 2.0e+03 2.0e+03 2.0e+03 1.0e+00 1.0e+00 2.0e+03
 2.0e+03 1.0e+03 1.0e+00 2.0e+03 2.0e+03 1.0e+03 1.0e+00 2.0e+03 2.0e+03
 1.0e+03 1.0e+00 2.0e+03 2.0e+03 1.0e+03 1.0e+00 2.0e+03 2.0e+03 1.0e+03
 1.0e+00 2.0e+03 2.0e+03 1.0e+03 1.0e+00 2.0e+03 2.0e+03 1.0e+03 1.0e+00
 2.0e+03 2.0e+03 1.0e+03 1.0e+00 2.0e+03 2.0e+03 1.0e+03 1.0e+00 2.0e+03
 2.0e+03 1.0e+03 2.0e+03 2.0e+03 1.8e+02 1.0e+00 2.0e+03 2.0e+03 1.0e+03
 2.0e+03 2.0e+03 1.8e+02 1.0e+00 2.0e+03 2.0e+03 1.0e+03 2.0e+03 2.0e+03
 1.8e+02 1.0e+00 2.0e+03 2.0e+03 1.0e+03 2.0e+03 2.0e+03 1.8e+02 1.0e+00
 2.0e+03 2.0e+03 1.0e+03 2.0e+03 2.0e+03 1.8e+02 1.0e+00 2.0e+03 2.0e+03
 1.0e+03 2.0e+03 2.0e+03 1.8e+02 1.0e+00 2.0e+03 2.0e+03 1.0e+03 2.0e+03
 2.0e+03 1.8e+02 1.0e+00 2.0e+03 2.0e+03 1.0e+03 2.0e+03 2.0e+03 1.8e+02
 1.0e+00], (154,), float64)
    shape:  (154,)
    dtype:  float64

  [5]
    type:   <class 'gymnasium.spaces.box.Box'>
    space:  Box([ 0.e+00  0.e+00  0.e+00  0.e+00 -2.e+03 -2.e+03 -2.e+03 -2.e+03 -2.e+03
 -2.e+03 -2.e+03 -2.e+03  0.e+00 -2.e+03 -2.e+03  0.e+00 -2.e+03 -2.e+03
  0.e+00  0.e+00  0.e+00  0.e+00 -2.e+03 -2.e+03  0.e+00 -1.e+00 -1.e+00
 -2.e+03 -2.e+03  0.e+00 -1.e+00 -1.e+00 -2.e+03 -2.e+03  0.e+00 -1.e+00
 -1.e+00 -2.e+03 -2.e+03  0.e+00 -1.e+00 -1.e+00 -2.e+03 -2.e+03  0.e+00
 -1.e+00 -1.e+00 -2.e+03 -2.e+03  0.e+00 -1.e+00 -1.e+00 -2.e+03 -2.e+03
  0.e+00 -1.e+00 -1.e+00 -2.e+03 -2.e+03  0.e+00 -1.e+00 -1.e+00 -2.e+03
 -2.e+03  0.e+00 -1.e+00 -2.e+03 -2.e+03  0.e+00 -1.e+00 -2.e+03 -2.e+03
  0.e+00 -1.e+00 -2.e+03 -2.e+03  0.e+00 -1.e+00 -2.e+03 -2.e+03  0.e+00
 -1.e+00 -2.e+03 -2.e+03  0.e+00 -1.e+00 -2.e+03 -2.e+03  0.e+00 -1.e+00
 -2.e+03 -2.e+03  0.e+00 -1.e+00 -2.e+03 -2.e+03  0.e+00 -1.e+00 -2.e+03
 -2.e+03  0.e+00 -2.e+03 -2.e+03  0.e+00 -1.e+00 -2.e+03 -2.e+03  0.e+00
 -2.e+03 -2.e+03  0.e+00 -1.e+00 -2.e+03 -2.e+03  0.e+00 -2.e+03 -2.e+03
  0.e+00 -1.e+00 -2.e+03 -2.e+03  0.e+00 -2.e+03 -2.e+03  0.e+00 -1.e+00
 -2.e+03 -2.e+03  0.e+00 -2.e+03 -2.e+03  0.e+00 -1.e+00 -2.e+03 -2.e+03
  0.e+00 -2.e+03 -2.e+03  0.e+00 -1.e+00 -2.e+03 -2.e+03  0.e+00 -2.e+03
 -2.e+03  0.e+00 -1.e+00 -2.e+03 -2.e+03  0.e+00 -2.e+03 -2.e+03  0.e+00
 -1.e+00], [    inf     inf     inf     inf 2.0e+03 2.0e+03 2.0e+03 2.0e+03 2.0e+03
 2.0e+03 2.0e+03 2.0e+03 1.0e+03 2.0e+03 2.0e+03 1.0e+03 2.0e+03 2.0e+03
 1.8e+02 2.0e+03 1.8e+02 1.8e+02 2.0e+03 2.0e+03 2.0e+03 1.0e+00 1.0e+00
 2.0e+03 2.0e+03 2.0e+03 1.0e+00 1.0e+00 2.0e+03 2.0e+03 2.0e+03 1.0e+00
 1.0e+00 2.0e+03 2.0e+03 2.0e+03 1.0e+00 1.0e+00 2.0e+03 2.0e+03 2.0e+03
 1.0e+00 1.0e+00 2.0e+03 2.0e+03 2.0e+03 1.0e+00 1.0e+00 2.0e+03 2.0e+03
 2.0e+03 1.0e+00 1.0e+00 2.0e+03 2.0e+03 2.0e+03 1.0e+00 1.0e+00 2.0e+03
 2.0e+03 1.0e+03 1.0e+00 2.0e+03 2.0e+03 1.0e+03 1.0e+00 2.0e+03 2.0e+03
 1.0e+03 1.0e+00 2.0e+03 2.0e+03 1.0e+03 1.0e+00 2.0e+03 2.0e+03 1.0e+03
 1.0e+00 2.0e+03 2.0e+03 1.0e+03 1.0e+00 2.0e+03 2.0e+03 1.0e+03 1.0e+00
 2.0e+03 2.0e+03 1.0e+03 1.0e+00 2.0e+03 2.0e+03 1.0e+03 1.0e+00 2.0e+03
 2.0e+03 1.0e+03 2.0e+03 2.0e+03 1.8e+02 1.0e+00 2.0e+03 2.0e+03 1.0e+03
 2.0e+03 2.0e+03 1.8e+02 1.0e+00 2.0e+03 2.0e+03 1.0e+03 2.0e+03 2.0e+03
 1.8e+02 1.0e+00 2.0e+03 2.0e+03 1.0e+03 2.0e+03 2.0e+03 1.8e+02 1.0e+00
 2.0e+03 2.0e+03 1.0e+03 2.0e+03 2.0e+03 1.8e+02 1.0e+00 2.0e+03 2.0e+03
 1.0e+03 2.0e+03 2.0e+03 1.8e+02 1.0e+00 2.0e+03 2.0e+03 1.0e+03 2.0e+03
 2.0e+03 1.8e+02 1.0e+00 2.0e+03 2.0e+03 1.0e+03 2.0e+03 2.0e+03 1.8e+02
 1.0e+00], (154,), float64)
    shape:  (154,)
    dtype:  float64

  [6]
    type:   <class 'gymnasium.spaces.box.Box'>
    space:  Box([ 0.e+00  0.e+00  0.e+00  0.e+00 -2.e+03 -2.e+03 -2.e+03 -2.e+03 -2.e+03
 -2.e+03 -2.e+03 -2.e+03  0.e+00 -2.e+03 -2.e+03  0.e+00 -2.e+03 -2.e+03
  0.e+00  0.e+00  0.e+00  0.e+00 -2.e+03 -2.e+03  0.e+00 -1.e+00 -1.e+00
 -2.e+03 -2.e+03  0.e+00 -1.e+00 -1.e+00 -2.e+03 -2.e+03  0.e+00 -1.e+00
 -1.e+00 -2.e+03 -2.e+03  0.e+00 -1.e+00 -1.e+00 -2.e+03 -2.e+03  0.e+00
 -1.e+00 -1.e+00 -2.e+03 -2.e+03  0.e+00 -1.e+00 -1.e+00 -2.e+03 -2.e+03
  0.e+00 -1.e+00 -1.e+00 -2.e+03 -2.e+03  0.e+00 -1.e+00 -1.e+00 -2.e+03
 -2.e+03  0.e+00 -1.e+00 -2.e+03 -2.e+03  0.e+00 -1.e+00 -2.e+03 -2.e+03
  0.e+00 -1.e+00 -2.e+03 -2.e+03  0.e+00 -1.e+00 -2.e+03 -2.e+03  0.e+00
 -1.e+00 -2.e+03 -2.e+03  0.e+00 -1.e+00 -2.e+03 -2.e+03  0.e+00 -1.e+00
 -2.e+03 -2.e+03  0.e+00 -1.e+00 -2.e+03 -2.e+03  0.e+00 -1.e+00 -2.e+03
 -2.e+03  0.e+00 -2.e+03 -2.e+03  0.e+00 -1.e+00 -2.e+03 -2.e+03  0.e+00
 -2.e+03 -2.e+03  0.e+00 -1.e+00 -2.e+03 -2.e+03  0.e+00 -2.e+03 -2.e+03
  0.e+00 -1.e+00 -2.e+03 -2.e+03  0.e+00 -2.e+03 -2.e+03  0.e+00 -1.e+00
 -2.e+03 -2.e+03  0.e+00 -2.e+03 -2.e+03  0.e+00 -1.e+00 -2.e+03 -2.e+03
  0.e+00 -2.e+03 -2.e+03  0.e+00 -1.e+00 -2.e+03 -2.e+03  0.e+00 -2.e+03
 -2.e+03  0.e+00 -1.e+00 -2.e+03 -2.e+03  0.e+00 -2.e+03 -2.e+03  0.e+00
 -1.e+00], [    inf     inf     inf     inf 2.0e+03 2.0e+03 2.0e+03 2.0e+03 2.0e+03
 2.0e+03 2.0e+03 2.0e+03 1.0e+03 2.0e+03 2.0e+03 1.0e+03 2.0e+03 2.0e+03
 1.8e+02 2.0e+03 1.8e+02 1.8e+02 2.0e+03 2.0e+03 2.0e+03 1.0e+00 1.0e+00
 2.0e+03 2.0e+03 2.0e+03 1.0e+00 1.0e+00 2.0e+03 2.0e+03 2.0e+03 1.0e+00
 1.0e+00 2.0e+03 2.0e+03 2.0e+03 1.0e+00 1.0e+00 2.0e+03 2.0e+03 2.0e+03
 1.0e+00 1.0e+00 2.0e+03 2.0e+03 2.0e+03 1.0e+00 1.0e+00 2.0e+03 2.0e+03
 2.0e+03 1.0e+00 1.0e+00 2.0e+03 2.0e+03 2.0e+03 1.0e+00 1.0e+00 2.0e+03
 2.0e+03 1.0e+03 1.0e+00 2.0e+03 2.0e+03 1.0e+03 1.0e+00 2.0e+03 2.0e+03
 1.0e+03 1.0e+00 2.0e+03 2.0e+03 1.0e+03 1.0e+00 2.0e+03 2.0e+03 1.0e+03
 1.0e+00 2.0e+03 2.0e+03 1.0e+03 1.0e+00 2.0e+03 2.0e+03 1.0e+03 1.0e+00
 2.0e+03 2.0e+03 1.0e+03 1.0e+00 2.0e+03 2.0e+03 1.0e+03 1.0e+00 2.0e+03
 2.0e+03 1.0e+03 2.0e+03 2.0e+03 1.8e+02 1.0e+00 2.0e+03 2.0e+03 1.0e+03
 2.0e+03 2.0e+03 1.8e+02 1.0e+00 2.0e+03 2.0e+03 1.0e+03 2.0e+03 2.0e+03
 1.8e+02 1.0e+00 2.0e+03 2.0e+03 1.0e+03 2.0e+03 2.0e+03 1.8e+02 1.0e+00
 2.0e+03 2.0e+03 1.0e+03 2.0e+03 2.0e+03 1.8e+02 1.0e+00 2.0e+03 2.0e+03
 1.0e+03 2.0e+03 2.0e+03 1.8e+02 1.0e+00 2.0e+03 2.0e+03 1.0e+03 2.0e+03
 2.0e+03 1.8e+02 1.0e+00 2.0e+03 2.0e+03 1.0e+03 2.0e+03 2.0e+03 1.8e+02
 1.0e+00], (154,), float64)
    shape:  (154,)
    dtype:  float64

  [7]
    type:   <class 'gymnasium.spaces.box.Box'>
    space:  Box([ 0.e+00  0.e+00  0.e+00  0.e+00 -2.e+03 -2.e+03 -2.e+03 -2.e+03 -2.e+03
 -2.e+03 -2.e+03 -2.e+03  0.e+00 -2.e+03 -2.e+03  0.e+00 -2.e+03 -2.e+03
  0.e+00  0.e+00  0.e+00  0.e+00 -2.e+03 -2.e+03  0.e+00 -1.e+00 -1.e+00
 -2.e+03 -2.e+03  0.e+00 -1.e+00 -1.e+00 -2.e+03 -2.e+03  0.e+00 -1.e+00
 -1.e+00 -2.e+03 -2.e+03  0.e+00 -1.e+00 -1.e+00 -2.e+03 -2.e+03  0.e+00
 -1.e+00 -1.e+00 -2.e+03 -2.e+03  0.e+00 -1.e+00 -1.e+00 -2.e+03 -2.e+03
  0.e+00 -1.e+00 -1.e+00 -2.e+03 -2.e+03  0.e+00 -1.e+00 -1.e+00 -2.e+03
 -2.e+03  0.e+00 -1.e+00 -2.e+03 -2.e+03  0.e+00 -1.e+00 -2.e+03 -2.e+03
  0.e+00 -1.e+00 -2.e+03 -2.e+03  0.e+00 -1.e+00 -2.e+03 -2.e+03  0.e+00
 -1.e+00 -2.e+03 -2.e+03  0.e+00 -1.e+00 -2.e+03 -2.e+03  0.e+00 -1.e+00
 -2.e+03 -2.e+03  0.e+00 -1.e+00 -2.e+03 -2.e+03  0.e+00 -1.e+00 -2.e+03
 -2.e+03  0.e+00 -2.e+03 -2.e+03  0.e+00 -1.e+00 -2.e+03 -2.e+03  0.e+00
 -2.e+03 -2.e+03  0.e+00 -1.e+00 -2.e+03 -2.e+03  0.e+00 -2.e+03 -2.e+03
  0.e+00 -1.e+00 -2.e+03 -2.e+03  0.e+00 -2.e+03 -2.e+03  0.e+00 -1.e+00
 -2.e+03 -2.e+03  0.e+00 -2.e+03 -2.e+03  0.e+00 -1.e+00 -2.e+03 -2.e+03
  0.e+00 -2.e+03 -2.e+03  0.e+00 -1.e+00 -2.e+03 -2.e+03  0.e+00 -2.e+03
 -2.e+03  0.e+00 -1.e+00 -2.e+03 -2.e+03  0.e+00 -2.e+03 -2.e+03  0.e+00
 -1.e+00], [    inf     inf     inf     inf 2.0e+03 2.0e+03 2.0e+03 2.0e+03 2.0e+03
 2.0e+03 2.0e+03 2.0e+03 1.0e+03 2.0e+03 2.0e+03 1.0e+03 2.0e+03 2.0e+03
 1.8e+02 2.0e+03 1.8e+02 1.8e+02 2.0e+03 2.0e+03 2.0e+03 1.0e+00 1.0e+00
 2.0e+03 2.0e+03 2.0e+03 1.0e+00 1.0e+00 2.0e+03 2.0e+03 2.0e+03 1.0e+00
 1.0e+00 2.0e+03 2.0e+03 2.0e+03 1.0e+00 1.0e+00 2.0e+03 2.0e+03 2.0e+03
 1.0e+00 1.0e+00 2.0e+03 2.0e+03 2.0e+03 1.0e+00 1.0e+00 2.0e+03 2.0e+03
 2.0e+03 1.0e+00 1.0e+00 2.0e+03 2.0e+03 2.0e+03 1.0e+00 1.0e+00 2.0e+03
 2.0e+03 1.0e+03 1.0e+00 2.0e+03 2.0e+03 1.0e+03 1.0e+00 2.0e+03 2.0e+03
 1.0e+03 1.0e+00 2.0e+03 2.0e+03 1.0e+03 1.0e+00 2.0e+03 2.0e+03 1.0e+03
 1.0e+00 2.0e+03 2.0e+03 1.0e+03 1.0e+00 2.0e+03 2.0e+03 1.0e+03 1.0e+00
 2.0e+03 2.0e+03 1.0e+03 1.0e+00 2.0e+03 2.0e+03 1.0e+03 1.0e+00 2.0e+03
 2.0e+03 1.0e+03 2.0e+03 2.0e+03 1.8e+02 1.0e+00 2.0e+03 2.0e+03 1.0e+03
 2.0e+03 2.0e+03 1.8e+02 1.0e+00 2.0e+03 2.0e+03 1.0e+03 2.0e+03 2.0e+03
 1.8e+02 1.0e+00 2.0e+03 2.0e+03 1.0e+03 2.0e+03 2.0e+03 1.8e+02 1.0e+00
 2.0e+03 2.0e+03 1.0e+03 2.0e+03 2.0e+03 1.8e+02 1.0e+00 2.0e+03 2.0e+03
 1.0e+03 2.0e+03 2.0e+03 1.8e+02 1.0e+00 2.0e+03 2.0e+03 1.0e+03 2.0e+03
 2.0e+03 1.8e+02 1.0e+00 2.0e+03 2.0e+03 1.0e+03 2.0e+03 2.0e+03 1.8e+02
 1.0e+00], (154,), float64)
    shape:  (154,)
    dtype:  float64

target_action_space
  type:   <class 'gymnasium.spaces.box.Box'>
  space:  Box(-20.0, 20.0, (2,), float64)
  shape:  (2,)
  dtype:  float64

target_joint_action_space
  type:   <class 'gymnasium.spaces.tuple.Tuple'>
  space:  Tuple(Box(-20.0, 20.0, (2,), float64), Box(-20.0, 20.0, (2,), float64), Box(-20.0, 20.0, (2,), float64), Box(-20.0, 20.0, (2,), float64), Box(-20.0, 20.0, (2,), float64), Box(-20.0, 20.0, (2,), float64), Box(-20.0, 20.0, (2,), float64), Box(-20.0, 20.0, (2,), float64))
  shape:  None
  dtype:  None
  spaces:

  [0]
    type:   <class 'gymnasium.spaces.box.Box'>
    space:  Box(-20.0, 20.0, (2,), float64)
    shape:  (2,)
    dtype:  float64

  [1]
    type:   <class 'gymnasium.spaces.box.Box'>
    space:  Box(-20.0, 20.0, (2,), float64)
    shape:  (2,)
    dtype:  float64

  [2]
    type:   <class 'gymnasium.spaces.box.Box'>
    space:  Box(-20.0, 20.0, (2,), float64)
    shape:  (2,)
    dtype:  float64

  [3]
    type:   <class 'gymnasium.spaces.box.Box'>
    space:  Box(-20.0, 20.0, (2,), float64)
    shape:  (2,)
    dtype:  float64

  [4]
    type:   <class 'gymnasium.spaces.box.Box'>
    space:  Box(-20.0, 20.0, (2,), float64)
    shape:  (2,)
    dtype:  float64

  [5]
    type:   <class 'gymnasium.spaces.box.Box'>
    space:  Box(-20.0, 20.0, (2,), float64)
    shape:  (2,)
    dtype:  float64

  [6]
    type:   <class 'gymnasium.spaces.box.Box'>
    space:  Box(-20.0, 20.0, (2,), float64)
    shape:  (2,)
    dtype:  float64

  [7]
    type:   <class 'gymnasium.spaces.box.Box'>
    space:  Box(-20.0, 20.0, (2,), float64)
    shape:  (2,)
    dtype:  float64

target_observation_space
  type:   <class 'gymnasium.spaces.box.Box'>
  space:  Box([ 0.e+00  0.e+00  0.e+00  0.e+00 -2.e+03 -2.e+03 -2.e+03 -2.e+03 -2.e+03
 -2.e+03 -2.e+03 -2.e+03  0.e+00 -2.e+03 -2.e+03  0.e+00 -1.e+00  0.e+00
  1.e+00  0.e+00  0.e+00  0.e+00  0.e+00 -1.e+00 -1.e+00 -1.e+00 -1.e+00
 -2.e+03 -2.e+03  0.e+00 -2.e+03 -2.e+03  0.e+00 -1.e+00 -2.e+03 -2.e+03
  0.e+00 -2.e+03 -2.e+03  0.e+00 -1.e+00 -2.e+03 -2.e+03  0.e+00 -2.e+03
 -2.e+03  0.e+00 -1.e+00 -2.e+03 -2.e+03  0.e+00 -2.e+03 -2.e+03  0.e+00
 -1.e+00 -2.e+03 -2.e+03  0.e+00 -2.e+03 -2.e+03  0.e+00 -1.e+00 -2.e+03
 -2.e+03  0.e+00 -2.e+03 -2.e+03  0.e+00 -1.e+00 -2.e+03 -2.e+03  0.e+00
 -2.e+03 -2.e+03  0.e+00 -1.e+00 -2.e+03 -2.e+03  0.e+00 -2.e+03 -2.e+03
  0.e+00 -1.e+00 -2.e+03 -2.e+03  0.e+00 -1.e+00 -2.e+03 -2.e+03  0.e+00
 -1.e+00 -2.e+03 -2.e+03  0.e+00 -1.e+00 -2.e+03 -2.e+03  0.e+00 -1.e+00
 -2.e+03 -2.e+03  0.e+00 -1.e+00 -2.e+03 -2.e+03  0.e+00 -1.e+00 -2.e+03
 -2.e+03  0.e+00 -1.e+00 -2.e+03 -2.e+03  0.e+00 -1.e+00 -2.e+03 -2.e+03
  0.e+00 -1.e+00 -2.e+03 -2.e+03  0.e+00 -1.e+00 -1.e+00 -2.e+03 -2.e+03
  0.e+00 -1.e+00 -1.e+00 -2.e+03 -2.e+03  0.e+00 -1.e+00 -1.e+00 -2.e+03
 -2.e+03  0.e+00 -1.e+00 -1.e+00 -2.e+03 -2.e+03  0.e+00 -1.e+00 -1.e+00
 -2.e+03 -2.e+03  0.e+00 -1.e+00 -1.e+00 -2.e+03 -2.e+03  0.e+00 -1.e+00
 -1.e+00 -2.e+03 -2.e+03  0.e+00 -1.e+00 -1.e+00], [    inf     inf     inf     inf 2.0e+03 2.0e+03 2.0e+03 2.0e+03 2.0e+03
 2.0e+03 2.0e+03 2.0e+03 1.0e+03 2.0e+03 2.0e+03 2.0e+03 1.0e+00 2.0e+03
 2.0e+00     inf     inf     inf     inf 1.0e+00 1.0e+00 1.0e+00 1.0e+00
 2.0e+03 2.0e+03 1.0e+03 2.0e+03 2.0e+03 1.8e+02 1.0e+00 2.0e+03 2.0e+03
 1.0e+03 2.0e+03 2.0e+03 1.8e+02 1.0e+00 2.0e+03 2.0e+03 1.0e+03 2.0e+03
 2.0e+03 1.8e+02 1.0e+00 2.0e+03 2.0e+03 1.0e+03 2.0e+03 2.0e+03 1.8e+02
 1.0e+00 2.0e+03 2.0e+03 1.0e+03 2.0e+03 2.0e+03 1.8e+02 1.0e+00 2.0e+03
 2.0e+03 1.0e+03 2.0e+03 2.0e+03 1.8e+02 1.0e+00 2.0e+03 2.0e+03 1.0e+03
 2.0e+03 2.0e+03 1.8e+02 1.0e+00 2.0e+03 2.0e+03 1.0e+03 2.0e+03 2.0e+03
 1.8e+02 1.0e+00 2.0e+03 2.0e+03 1.0e+03 1.0e+00 2.0e+03 2.0e+03 1.0e+03
 1.0e+00 2.0e+03 2.0e+03 1.0e+03 1.0e+00 2.0e+03 2.0e+03 1.0e+03 1.0e+00
 2.0e+03 2.0e+03 1.0e+03 1.0e+00 2.0e+03 2.0e+03 1.0e+03 1.0e+00 2.0e+03
 2.0e+03 1.0e+03 1.0e+00 2.0e+03 2.0e+03 1.0e+03 1.0e+00 2.0e+03 2.0e+03
 1.0e+03 1.0e+00 2.0e+03 2.0e+03 2.0e+03 1.0e+00 1.0e+00 2.0e+03 2.0e+03
 2.0e+03 1.0e+00 1.0e+00 2.0e+03 2.0e+03 2.0e+03 1.0e+00 1.0e+00 2.0e+03
 2.0e+03 2.0e+03 1.0e+00 1.0e+00 2.0e+03 2.0e+03 2.0e+03 1.0e+00 1.0e+00
 2.0e+03 2.0e+03 2.0e+03 1.0e+00 1.0e+00 2.0e+03 2.0e+03 2.0e+03 1.0e+00
 1.0e+00 2.0e+03 2.0e+03 2.0e+03 1.0e+00 1.0e+00], (159,), float64)
  shape:  (159,)
  dtype:  float64

target_joint_observation_space
  type:   <class 'gymnasium.spaces.tuple.Tuple'>
  space:  Tuple(Box([ 0.e+00  0.e+00  0.e+00  0.e+00 -2.e+03 -2.e+03 -2.e+03 -2.e+03 -2.e+03
 -2.e+03 -2.e+03 -2.e+03  0.e+00 -2.e+03 -2.e+03  0.e+00 -1.e+00  0.e+00
  1.e+00  0.e+00  0.e+00  0.e+00  0.e+00 -1.e+00 -1.e+00 -1.e+00 -1.e+00
 -2.e+03 -2.e+03  0.e+00 -2.e+03 -2.e+03  0.e+00 -1.e+00 -2.e+03 -2.e+03
  0.e+00 -2.e+03 -2.e+03  0.e+00 -1.e+00 -2.e+03 -2.e+03  0.e+00 -2.e+03
 -2.e+03  0.e+00 -1.e+00 -2.e+03 -2.e+03  0.e+00 -2.e+03 -2.e+03  0.e+00
 -1.e+00 -2.e+03 -2.e+03  0.e+00 -2.e+03 -2.e+03  0.e+00 -1.e+00 -2.e+03
 -2.e+03  0.e+00 -2.e+03 -2.e+03  0.e+00 -1.e+00 -2.e+03 -2.e+03  0.e+00
 -2.e+03 -2.e+03  0.e+00 -1.e+00 -2.e+03 -2.e+03  0.e+00 -2.e+03 -2.e+03
  0.e+00 -1.e+00 -2.e+03 -2.e+03  0.e+00 -1.e+00 -2.e+03 -2.e+03  0.e+00
 -1.e+00 -2.e+03 -2.e+03  0.e+00 -1.e+00 -2.e+03 -2.e+03  0.e+00 -1.e+00
 -2.e+03 -2.e+03  0.e+00 -1.e+00 -2.e+03 -2.e+03  0.e+00 -1.e+00 -2.e+03
 -2.e+03  0.e+00 -1.e+00 -2.e+03 -2.e+03  0.e+00 -1.e+00 -2.e+03 -2.e+03
  0.e+00 -1.e+00 -2.e+03 -2.e+03  0.e+00 -1.e+00 -1.e+00 -2.e+03 -2.e+03
  0.e+00 -1.e+00 -1.e+00 -2.e+03 -2.e+03  0.e+00 -1.e+00 -1.e+00 -2.e+03
 -2.e+03  0.e+00 -1.e+00 -1.e+00 -2.e+03 -2.e+03  0.e+00 -1.e+00 -1.e+00
 -2.e+03 -2.e+03  0.e+00 -1.e+00 -1.e+00 -2.e+03 -2.e+03  0.e+00 -1.e+00
 -1.e+00 -2.e+03 -2.e+03  0.e+00 -1.e+00 -1.e+00], [    inf     inf     inf     inf 2.0e+03 2.0e+03 2.0e+03 2.0e+03 2.0e+03
 2.0e+03 2.0e+03 2.0e+03 1.0e+03 2.0e+03 2.0e+03 2.0e+03 1.0e+00 2.0e+03
 2.0e+00     inf     inf     inf     inf 1.0e+00 1.0e+00 1.0e+00 1.0e+00
 2.0e+03 2.0e+03 1.0e+03 2.0e+03 2.0e+03 1.8e+02 1.0e+00 2.0e+03 2.0e+03
 1.0e+03 2.0e+03 2.0e+03 1.8e+02 1.0e+00 2.0e+03 2.0e+03 1.0e+03 2.0e+03
 2.0e+03 1.8e+02 1.0e+00 2.0e+03 2.0e+03 1.0e+03 2.0e+03 2.0e+03 1.8e+02
 1.0e+00 2.0e+03 2.0e+03 1.0e+03 2.0e+03 2.0e+03 1.8e+02 1.0e+00 2.0e+03
 2.0e+03 1.0e+03 2.0e+03 2.0e+03 1.8e+02 1.0e+00 2.0e+03 2.0e+03 1.0e+03
 2.0e+03 2.0e+03 1.8e+02 1.0e+00 2.0e+03 2.0e+03 1.0e+03 2.0e+03 2.0e+03
 1.8e+02 1.0e+00 2.0e+03 2.0e+03 1.0e+03 1.0e+00 2.0e+03 2.0e+03 1.0e+03
 1.0e+00 2.0e+03 2.0e+03 1.0e+03 1.0e+00 2.0e+03 2.0e+03 1.0e+03 1.0e+00
 2.0e+03 2.0e+03 1.0e+03 1.0e+00 2.0e+03 2.0e+03 1.0e+03 1.0e+00 2.0e+03
 2.0e+03 1.0e+03 1.0e+00 2.0e+03 2.0e+03 1.0e+03 1.0e+00 2.0e+03 2.0e+03
 1.0e+03 1.0e+00 2.0e+03 2.0e+03 2.0e+03 1.0e+00 1.0e+00 2.0e+03 2.0e+03
 2.0e+03 1.0e+00 1.0e+00 2.0e+03 2.0e+03 2.0e+03 1.0e+00 1.0e+00 2.0e+03
 2.0e+03 2.0e+03 1.0e+00 1.0e+00 2.0e+03 2.0e+03 2.0e+03 1.0e+00 1.0e+00
 2.0e+03 2.0e+03 2.0e+03 1.0e+00 1.0e+00 2.0e+03 2.0e+03 2.0e+03 1.0e+00
 1.0e+00 2.0e+03 2.0e+03 2.0e+03 1.0e+00 1.0e+00], (159,), float64), Box([ 0.e+00  0.e+00  0.e+00  0.e+00 -2.e+03 -2.e+03 -2.e+03 -2.e+03 -2.e+03
 -2.e+03 -2.e+03 -2.e+03  0.e+00 -2.e+03 -2.e+03  0.e+00 -1.e+00  0.e+00
  1.e+00  0.e+00  0.e+00  0.e+00  0.e+00 -1.e+00 -1.e+00 -1.e+00 -1.e+00
 -2.e+03 -2.e+03  0.e+00 -2.e+03 -2.e+03  0.e+00 -1.e+00 -2.e+03 -2.e+03
  0.e+00 -2.e+03 -2.e+03  0.e+00 -1.e+00 -2.e+03 -2.e+03  0.e+00 -2.e+03
 -2.e+03  0.e+00 -1.e+00 -2.e+03 -2.e+03  0.e+00 -2.e+03 -2.e+03  0.e+00
 -1.e+00 -2.e+03 -2.e+03  0.e+00 -2.e+03 -2.e+03  0.e+00 -1.e+00 -2.e+03
 -2.e+03  0.e+00 -2.e+03 -2.e+03  0.e+00 -1.e+00 -2.e+03 -2.e+03  0.e+00
 -2.e+03 -2.e+03  0.e+00 -1.e+00 -2.e+03 -2.e+03  0.e+00 -2.e+03 -2.e+03
  0.e+00 -1.e+00 -2.e+03 -2.e+03  0.e+00 -1.e+00 -2.e+03 -2.e+03  0.e+00
 -1.e+00 -2.e+03 -2.e+03  0.e+00 -1.e+00 -2.e+03 -2.e+03  0.e+00 -1.e+00
 -2.e+03 -2.e+03  0.e+00 -1.e+00 -2.e+03 -2.e+03  0.e+00 -1.e+00 -2.e+03
 -2.e+03  0.e+00 -1.e+00 -2.e+03 -2.e+03  0.e+00 -1.e+00 -2.e+03 -2.e+03
  0.e+00 -1.e+00 -2.e+03 -2.e+03  0.e+00 -1.e+00 -1.e+00 -2.e+03 -2.e+03
  0.e+00 -1.e+00 -1.e+00 -2.e+03 -2.e+03  0.e+00 -1.e+00 -1.e+00 -2.e+03
 -2.e+03  0.e+00 -1.e+00 -1.e+00 -2.e+03 -2.e+03  0.e+00 -1.e+00 -1.e+00
 -2.e+03 -2.e+03  0.e+00 -1.e+00 -1.e+00 -2.e+03 -2.e+03  0.e+00 -1.e+00
 -1.e+00 -2.e+03 -2.e+03  0.e+00 -1.e+00 -1.e+00], [    inf     inf     inf     inf 2.0e+03 2.0e+03 2.0e+03 2.0e+03 2.0e+03
 2.0e+03 2.0e+03 2.0e+03 1.0e+03 2.0e+03 2.0e+03 2.0e+03 1.0e+00 2.0e+03
 2.0e+00     inf     inf     inf     inf 1.0e+00 1.0e+00 1.0e+00 1.0e+00
 2.0e+03 2.0e+03 1.0e+03 2.0e+03 2.0e+03 1.8e+02 1.0e+00 2.0e+03 2.0e+03
 1.0e+03 2.0e+03 2.0e+03 1.8e+02 1.0e+00 2.0e+03 2.0e+03 1.0e+03 2.0e+03
 2.0e+03 1.8e+02 1.0e+00 2.0e+03 2.0e+03 1.0e+03 2.0e+03 2.0e+03 1.8e+02
 1.0e+00 2.0e+03 2.0e+03 1.0e+03 2.0e+03 2.0e+03 1.8e+02 1.0e+00 2.0e+03
 2.0e+03 1.0e+03 2.0e+03 2.0e+03 1.8e+02 1.0e+00 2.0e+03 2.0e+03 1.0e+03
 2.0e+03 2.0e+03 1.8e+02 1.0e+00 2.0e+03 2.0e+03 1.0e+03 2.0e+03 2.0e+03
 1.8e+02 1.0e+00 2.0e+03 2.0e+03 1.0e+03 1.0e+00 2.0e+03 2.0e+03 1.0e+03
 1.0e+00 2.0e+03 2.0e+03 1.0e+03 1.0e+00 2.0e+03 2.0e+03 1.0e+03 1.0e+00
 2.0e+03 2.0e+03 1.0e+03 1.0e+00 2.0e+03 2.0e+03 1.0e+03 1.0e+00 2.0e+03
 2.0e+03 1.0e+03 1.0e+00 2.0e+03 2.0e+03 1.0e+03 1.0e+00 2.0e+03 2.0e+03
 1.0e+03 1.0e+00 2.0e+03 2.0e+03 2.0e+03 1.0e+00 1.0e+00 2.0e+03 2.0e+03
 2.0e+03 1.0e+00 1.0e+00 2.0e+03 2.0e+03 2.0e+03 1.0e+00 1.0e+00 2.0e+03
 2.0e+03 2.0e+03 1.0e+00 1.0e+00 2.0e+03 2.0e+03 2.0e+03 1.0e+00 1.0e+00
 2.0e+03 2.0e+03 2.0e+03 1.0e+00 1.0e+00 2.0e+03 2.0e+03 2.0e+03 1.0e+00
 1.0e+00 2.0e+03 2.0e+03 2.0e+03 1.0e+00 1.0e+00], (159,), float64), Box([ 0.e+00  0.e+00  0.e+00  0.e+00 -2.e+03 -2.e+03 -2.e+03 -2.e+03 -2.e+03
 -2.e+03 -2.e+03 -2.e+03  0.e+00 -2.e+03 -2.e+03  0.e+00 -1.e+00  0.e+00
  1.e+00  0.e+00  0.e+00  0.e+00  0.e+00 -1.e+00 -1.e+00 -1.e+00 -1.e+00
 -2.e+03 -2.e+03  0.e+00 -2.e+03 -2.e+03  0.e+00 -1.e+00 -2.e+03 -2.e+03
  0.e+00 -2.e+03 -2.e+03  0.e+00 -1.e+00 -2.e+03 -2.e+03  0.e+00 -2.e+03
 -2.e+03  0.e+00 -1.e+00 -2.e+03 -2.e+03  0.e+00 -2.e+03 -2.e+03  0.e+00
 -1.e+00 -2.e+03 -2.e+03  0.e+00 -2.e+03 -2.e+03  0.e+00 -1.e+00 -2.e+03
 -2.e+03  0.e+00 -2.e+03 -2.e+03  0.e+00 -1.e+00 -2.e+03 -2.e+03  0.e+00
 -2.e+03 -2.e+03  0.e+00 -1.e+00 -2.e+03 -2.e+03  0.e+00 -2.e+03 -2.e+03
  0.e+00 -1.e+00 -2.e+03 -2.e+03  0.e+00 -1.e+00 -2.e+03 -2.e+03  0.e+00
 -1.e+00 -2.e+03 -2.e+03  0.e+00 -1.e+00 -2.e+03 -2.e+03  0.e+00 -1.e+00
 -2.e+03 -2.e+03  0.e+00 -1.e+00 -2.e+03 -2.e+03  0.e+00 -1.e+00 -2.e+03
 -2.e+03  0.e+00 -1.e+00 -2.e+03 -2.e+03  0.e+00 -1.e+00 -2.e+03 -2.e+03
  0.e+00 -1.e+00 -2.e+03 -2.e+03  0.e+00 -1.e+00 -1.e+00 -2.e+03 -2.e+03
  0.e+00 -1.e+00 -1.e+00 -2.e+03 -2.e+03  0.e+00 -1.e+00 -1.e+00 -2.e+03
 -2.e+03  0.e+00 -1.e+00 -1.e+00 -2.e+03 -2.e+03  0.e+00 -1.e+00 -1.e+00
 -2.e+03 -2.e+03  0.e+00 -1.e+00 -1.e+00 -2.e+03 -2.e+03  0.e+00 -1.e+00
 -1.e+00 -2.e+03 -2.e+03  0.e+00 -1.e+00 -1.e+00], [    inf     inf     inf     inf 2.0e+03 2.0e+03 2.0e+03 2.0e+03 2.0e+03
 2.0e+03 2.0e+03 2.0e+03 1.0e+03 2.0e+03 2.0e+03 2.0e+03 1.0e+00 2.0e+03
 2.0e+00     inf     inf     inf     inf 1.0e+00 1.0e+00 1.0e+00 1.0e+00
 2.0e+03 2.0e+03 1.0e+03 2.0e+03 2.0e+03 1.8e+02 1.0e+00 2.0e+03 2.0e+03
 1.0e+03 2.0e+03 2.0e+03 1.8e+02 1.0e+00 2.0e+03 2.0e+03 1.0e+03 2.0e+03
 2.0e+03 1.8e+02 1.0e+00 2.0e+03 2.0e+03 1.0e+03 2.0e+03 2.0e+03 1.8e+02
 1.0e+00 2.0e+03 2.0e+03 1.0e+03 2.0e+03 2.0e+03 1.8e+02 1.0e+00 2.0e+03
 2.0e+03 1.0e+03 2.0e+03 2.0e+03 1.8e+02 1.0e+00 2.0e+03 2.0e+03 1.0e+03
 2.0e+03 2.0e+03 1.8e+02 1.0e+00 2.0e+03 2.0e+03 1.0e+03 2.0e+03 2.0e+03
 1.8e+02 1.0e+00 2.0e+03 2.0e+03 1.0e+03 1.0e+00 2.0e+03 2.0e+03 1.0e+03
 1.0e+00 2.0e+03 2.0e+03 1.0e+03 1.0e+00 2.0e+03 2.0e+03 1.0e+03 1.0e+00
 2.0e+03 2.0e+03 1.0e+03 1.0e+00 2.0e+03 2.0e+03 1.0e+03 1.0e+00 2.0e+03
 2.0e+03 1.0e+03 1.0e+00 2.0e+03 2.0e+03 1.0e+03 1.0e+00 2.0e+03 2.0e+03
 1.0e+03 1.0e+00 2.0e+03 2.0e+03 2.0e+03 1.0e+00 1.0e+00 2.0e+03 2.0e+03
 2.0e+03 1.0e+00 1.0e+00 2.0e+03 2.0e+03 2.0e+03 1.0e+00 1.0e+00 2.0e+03
 2.0e+03 2.0e+03 1.0e+00 1.0e+00 2.0e+03 2.0e+03 2.0e+03 1.0e+00 1.0e+00
 2.0e+03 2.0e+03 2.0e+03 1.0e+00 1.0e+00 2.0e+03 2.0e+03 2.0e+03 1.0e+00
 1.0e+00 2.0e+03 2.0e+03 2.0e+03 1.0e+00 1.0e+00], (159,), float64), Box([ 0.e+00  0.e+00  0.e+00  0.e+00 -2.e+03 -2.e+03 -2.e+03 -2.e+03 -2.e+03
 -2.e+03 -2.e+03 -2.e+03  0.e+00 -2.e+03 -2.e+03  0.e+00 -1.e+00  0.e+00
  1.e+00  0.e+00  0.e+00  0.e+00  0.e+00 -1.e+00 -1.e+00 -1.e+00 -1.e+00
 -2.e+03 -2.e+03  0.e+00 -2.e+03 -2.e+03  0.e+00 -1.e+00 -2.e+03 -2.e+03
  0.e+00 -2.e+03 -2.e+03  0.e+00 -1.e+00 -2.e+03 -2.e+03  0.e+00 -2.e+03
 -2.e+03  0.e+00 -1.e+00 -2.e+03 -2.e+03  0.e+00 -2.e+03 -2.e+03  0.e+00
 -1.e+00 -2.e+03 -2.e+03  0.e+00 -2.e+03 -2.e+03  0.e+00 -1.e+00 -2.e+03
 -2.e+03  0.e+00 -2.e+03 -2.e+03  0.e+00 -1.e+00 -2.e+03 -2.e+03  0.e+00
 -2.e+03 -2.e+03  0.e+00 -1.e+00 -2.e+03 -2.e+03  0.e+00 -2.e+03 -2.e+03
  0.e+00 -1.e+00 -2.e+03 -2.e+03  0.e+00 -1.e+00 -2.e+03 -2.e+03  0.e+00
 -1.e+00 -2.e+03 -2.e+03  0.e+00 -1.e+00 -2.e+03 -2.e+03  0.e+00 -1.e+00
 -2.e+03 -2.e+03  0.e+00 -1.e+00 -2.e+03 -2.e+03  0.e+00 -1.e+00 -2.e+03
 -2.e+03  0.e+00 -1.e+00 -2.e+03 -2.e+03  0.e+00 -1.e+00 -2.e+03 -2.e+03
  0.e+00 -1.e+00 -2.e+03 -2.e+03  0.e+00 -1.e+00 -1.e+00 -2.e+03 -2.e+03
  0.e+00 -1.e+00 -1.e+00 -2.e+03 -2.e+03  0.e+00 -1.e+00 -1.e+00 -2.e+03
 -2.e+03  0.e+00 -1.e+00 -1.e+00 -2.e+03 -2.e+03  0.e+00 -1.e+00 -1.e+00
 -2.e+03 -2.e+03  0.e+00 -1.e+00 -1.e+00 -2.e+03 -2.e+03  0.e+00 -1.e+00
 -1.e+00 -2.e+03 -2.e+03  0.e+00 -1.e+00 -1.e+00], [    inf     inf     inf     inf 2.0e+03 2.0e+03 2.0e+03 2.0e+03 2.0e+03
 2.0e+03 2.0e+03 2.0e+03 1.0e+03 2.0e+03 2.0e+03 2.0e+03 1.0e+00 2.0e+03
 2.0e+00     inf     inf     inf     inf 1.0e+00 1.0e+00 1.0e+00 1.0e+00
 2.0e+03 2.0e+03 1.0e+03 2.0e+03 2.0e+03 1.8e+02 1.0e+00 2.0e+03 2.0e+03
 1.0e+03 2.0e+03 2.0e+03 1.8e+02 1.0e+00 2.0e+03 2.0e+03 1.0e+03 2.0e+03
 2.0e+03 1.8e+02 1.0e+00 2.0e+03 2.0e+03 1.0e+03 2.0e+03 2.0e+03 1.8e+02
 1.0e+00 2.0e+03 2.0e+03 1.0e+03 2.0e+03 2.0e+03 1.8e+02 1.0e+00 2.0e+03
 2.0e+03 1.0e+03 2.0e+03 2.0e+03 1.8e+02 1.0e+00 2.0e+03 2.0e+03 1.0e+03
 2.0e+03 2.0e+03 1.8e+02 1.0e+00 2.0e+03 2.0e+03 1.0e+03 2.0e+03 2.0e+03
 1.8e+02 1.0e+00 2.0e+03 2.0e+03 1.0e+03 1.0e+00 2.0e+03 2.0e+03 1.0e+03
 1.0e+00 2.0e+03 2.0e+03 1.0e+03 1.0e+00 2.0e+03 2.0e+03 1.0e+03 1.0e+00
 2.0e+03 2.0e+03 1.0e+03 1.0e+00 2.0e+03 2.0e+03 1.0e+03 1.0e+00 2.0e+03
 2.0e+03 1.0e+03 1.0e+00 2.0e+03 2.0e+03 1.0e+03 1.0e+00 2.0e+03 2.0e+03
 1.0e+03 1.0e+00 2.0e+03 2.0e+03 2.0e+03 1.0e+00 1.0e+00 2.0e+03 2.0e+03
 2.0e+03 1.0e+00 1.0e+00 2.0e+03 2.0e+03 2.0e+03 1.0e+00 1.0e+00 2.0e+03
 2.0e+03 2.0e+03 1.0e+00 1.0e+00 2.0e+03 2.0e+03 2.0e+03 1.0e+00 1.0e+00
 2.0e+03 2.0e+03 2.0e+03 1.0e+00 1.0e+00 2.0e+03 2.0e+03 2.0e+03 1.0e+00
 1.0e+00 2.0e+03 2.0e+03 2.0e+03 1.0e+00 1.0e+00], (159,), float64), Box([ 0.e+00  0.e+00  0.e+00  0.e+00 -2.e+03 -2.e+03 -2.e+03 -2.e+03 -2.e+03
 -2.e+03 -2.e+03 -2.e+03  0.e+00 -2.e+03 -2.e+03  0.e+00 -1.e+00  0.e+00
  1.e+00  0.e+00  0.e+00  0.e+00  0.e+00 -1.e+00 -1.e+00 -1.e+00 -1.e+00
 -2.e+03 -2.e+03  0.e+00 -2.e+03 -2.e+03  0.e+00 -1.e+00 -2.e+03 -2.e+03
  0.e+00 -2.e+03 -2.e+03  0.e+00 -1.e+00 -2.e+03 -2.e+03  0.e+00 -2.e+03
 -2.e+03  0.e+00 -1.e+00 -2.e+03 -2.e+03  0.e+00 -2.e+03 -2.e+03  0.e+00
 -1.e+00 -2.e+03 -2.e+03  0.e+00 -2.e+03 -2.e+03  0.e+00 -1.e+00 -2.e+03
 -2.e+03  0.e+00 -2.e+03 -2.e+03  0.e+00 -1.e+00 -2.e+03 -2.e+03  0.e+00
 -2.e+03 -2.e+03  0.e+00 -1.e+00 -2.e+03 -2.e+03  0.e+00 -2.e+03 -2.e+03
  0.e+00 -1.e+00 -2.e+03 -2.e+03  0.e+00 -1.e+00 -2.e+03 -2.e+03  0.e+00
 -1.e+00 -2.e+03 -2.e+03  0.e+00 -1.e+00 -2.e+03 -2.e+03  0.e+00 -1.e+00
 -2.e+03 -2.e+03  0.e+00 -1.e+00 -2.e+03 -2.e+03  0.e+00 -1.e+00 -2.e+03
 -2.e+03  0.e+00 -1.e+00 -2.e+03 -2.e+03  0.e+00 -1.e+00 -2.e+03 -2.e+03
  0.e+00 -1.e+00 -2.e+03 -2.e+03  0.e+00 -1.e+00 -1.e+00 -2.e+03 -2.e+03
  0.e+00 -1.e+00 -1.e+00 -2.e+03 -2.e+03  0.e+00 -1.e+00 -1.e+00 -2.e+03
 -2.e+03  0.e+00 -1.e+00 -1.e+00 -2.e+03 -2.e+03  0.e+00 -1.e+00 -1.e+00
 -2.e+03 -2.e+03  0.e+00 -1.e+00 -1.e+00 -2.e+03 -2.e+03  0.e+00 -1.e+00
 -1.e+00 -2.e+03 -2.e+03  0.e+00 -1.e+00 -1.e+00], [    inf     inf     inf     inf 2.0e+03 2.0e+03 2.0e+03 2.0e+03 2.0e+03
 2.0e+03 2.0e+03 2.0e+03 1.0e+03 2.0e+03 2.0e+03 2.0e+03 1.0e+00 2.0e+03
 2.0e+00     inf     inf     inf     inf 1.0e+00 1.0e+00 1.0e+00 1.0e+00
 2.0e+03 2.0e+03 1.0e+03 2.0e+03 2.0e+03 1.8e+02 1.0e+00 2.0e+03 2.0e+03
 1.0e+03 2.0e+03 2.0e+03 1.8e+02 1.0e+00 2.0e+03 2.0e+03 1.0e+03 2.0e+03
 2.0e+03 1.8e+02 1.0e+00 2.0e+03 2.0e+03 1.0e+03 2.0e+03 2.0e+03 1.8e+02
 1.0e+00 2.0e+03 2.0e+03 1.0e+03 2.0e+03 2.0e+03 1.8e+02 1.0e+00 2.0e+03
 2.0e+03 1.0e+03 2.0e+03 2.0e+03 1.8e+02 1.0e+00 2.0e+03 2.0e+03 1.0e+03
 2.0e+03 2.0e+03 1.8e+02 1.0e+00 2.0e+03 2.0e+03 1.0e+03 2.0e+03 2.0e+03
 1.8e+02 1.0e+00 2.0e+03 2.0e+03 1.0e+03 1.0e+00 2.0e+03 2.0e+03 1.0e+03
 1.0e+00 2.0e+03 2.0e+03 1.0e+03 1.0e+00 2.0e+03 2.0e+03 1.0e+03 1.0e+00
 2.0e+03 2.0e+03 1.0e+03 1.0e+00 2.0e+03 2.0e+03 1.0e+03 1.0e+00 2.0e+03
 2.0e+03 1.0e+03 1.0e+00 2.0e+03 2.0e+03 1.0e+03 1.0e+00 2.0e+03 2.0e+03
 1.0e+03 1.0e+00 2.0e+03 2.0e+03 2.0e+03 1.0e+00 1.0e+00 2.0e+03 2.0e+03
 2.0e+03 1.0e+00 1.0e+00 2.0e+03 2.0e+03 2.0e+03 1.0e+00 1.0e+00 2.0e+03
 2.0e+03 2.0e+03 1.0e+00 1.0e+00 2.0e+03 2.0e+03 2.0e+03 1.0e+00 1.0e+00
 2.0e+03 2.0e+03 2.0e+03 1.0e+00 1.0e+00 2.0e+03 2.0e+03 2.0e+03 1.0e+00
 1.0e+00 2.0e+03 2.0e+03 2.0e+03 1.0e+00 1.0e+00], (159,), float64), Box([ 0.e+00  0.e+00  0.e+00  0.e+00 -2.e+03 -2.e+03 -2.e+03 -2.e+03 -2.e+03
 -2.e+03 -2.e+03 -2.e+03  0.e+00 -2.e+03 -2.e+03  0.e+00 -1.e+00  0.e+00
  1.e+00  0.e+00  0.e+00  0.e+00  0.e+00 -1.e+00 -1.e+00 -1.e+00 -1.e+00
 -2.e+03 -2.e+03  0.e+00 -2.e+03 -2.e+03  0.e+00 -1.e+00 -2.e+03 -2.e+03
  0.e+00 -2.e+03 -2.e+03  0.e+00 -1.e+00 -2.e+03 -2.e+03  0.e+00 -2.e+03
 -2.e+03  0.e+00 -1.e+00 -2.e+03 -2.e+03  0.e+00 -2.e+03 -2.e+03  0.e+00
 -1.e+00 -2.e+03 -2.e+03  0.e+00 -2.e+03 -2.e+03  0.e+00 -1.e+00 -2.e+03
 -2.e+03  0.e+00 -2.e+03 -2.e+03  0.e+00 -1.e+00 -2.e+03 -2.e+03  0.e+00
 -2.e+03 -2.e+03  0.e+00 -1.e+00 -2.e+03 -2.e+03  0.e+00 -2.e+03 -2.e+03
  0.e+00 -1.e+00 -2.e+03 -2.e+03  0.e+00 -1.e+00 -2.e+03 -2.e+03  0.e+00
 -1.e+00 -2.e+03 -2.e+03  0.e+00 -1.e+00 -2.e+03 -2.e+03  0.e+00 -1.e+00
 -2.e+03 -2.e+03  0.e+00 -1.e+00 -2.e+03 -2.e+03  0.e+00 -1.e+00 -2.e+03
 -2.e+03  0.e+00 -1.e+00 -2.e+03 -2.e+03  0.e+00 -1.e+00 -2.e+03 -2.e+03
  0.e+00 -1.e+00 -2.e+03 -2.e+03  0.e+00 -1.e+00 -1.e+00 -2.e+03 -2.e+03
  0.e+00 -1.e+00 -1.e+00 -2.e+03 -2.e+03  0.e+00 -1.e+00 -1.e+00 -2.e+03
 -2.e+03  0.e+00 -1.e+00 -1.e+00 -2.e+03 -2.e+03  0.e+00 -1.e+00 -1.e+00
 -2.e+03 -2.e+03  0.e+00 -1.e+00 -1.e+00 -2.e+03 -2.e+03  0.e+00 -1.e+00
 -1.e+00 -2.e+03 -2.e+03  0.e+00 -1.e+00 -1.e+00], [    inf     inf     inf     inf 2.0e+03 2.0e+03 2.0e+03 2.0e+03 2.0e+03
 2.0e+03 2.0e+03 2.0e+03 1.0e+03 2.0e+03 2.0e+03 2.0e+03 1.0e+00 2.0e+03
 2.0e+00     inf     inf     inf     inf 1.0e+00 1.0e+00 1.0e+00 1.0e+00
 2.0e+03 2.0e+03 1.0e+03 2.0e+03 2.0e+03 1.8e+02 1.0e+00 2.0e+03 2.0e+03
 1.0e+03 2.0e+03 2.0e+03 1.8e+02 1.0e+00 2.0e+03 2.0e+03 1.0e+03 2.0e+03
 2.0e+03 1.8e+02 1.0e+00 2.0e+03 2.0e+03 1.0e+03 2.0e+03 2.0e+03 1.8e+02
 1.0e+00 2.0e+03 2.0e+03 1.0e+03 2.0e+03 2.0e+03 1.8e+02 1.0e+00 2.0e+03
 2.0e+03 1.0e+03 2.0e+03 2.0e+03 1.8e+02 1.0e+00 2.0e+03 2.0e+03 1.0e+03
 2.0e+03 2.0e+03 1.8e+02 1.0e+00 2.0e+03 2.0e+03 1.0e+03 2.0e+03 2.0e+03
 1.8e+02 1.0e+00 2.0e+03 2.0e+03 1.0e+03 1.0e+00 2.0e+03 2.0e+03 1.0e+03
 1.0e+00 2.0e+03 2.0e+03 1.0e+03 1.0e+00 2.0e+03 2.0e+03 1.0e+03 1.0e+00
 2.0e+03 2.0e+03 1.0e+03 1.0e+00 2.0e+03 2.0e+03 1.0e+03 1.0e+00 2.0e+03
 2.0e+03 1.0e+03 1.0e+00 2.0e+03 2.0e+03 1.0e+03 1.0e+00 2.0e+03 2.0e+03
 1.0e+03 1.0e+00 2.0e+03 2.0e+03 2.0e+03 1.0e+00 1.0e+00 2.0e+03 2.0e+03
 2.0e+03 1.0e+00 1.0e+00 2.0e+03 2.0e+03 2.0e+03 1.0e+00 1.0e+00 2.0e+03
 2.0e+03 2.0e+03 1.0e+00 1.0e+00 2.0e+03 2.0e+03 2.0e+03 1.0e+00 1.0e+00
 2.0e+03 2.0e+03 2.0e+03 1.0e+00 1.0e+00 2.0e+03 2.0e+03 2.0e+03 1.0e+00
 1.0e+00 2.0e+03 2.0e+03 2.0e+03 1.0e+00 1.0e+00], (159,), float64), Box([ 0.e+00  0.e+00  0.e+00  0.e+00 -2.e+03 -2.e+03 -2.e+03 -2.e+03 -2.e+03
 -2.e+03 -2.e+03 -2.e+03  0.e+00 -2.e+03 -2.e+03  0.e+00 -1.e+00  0.e+00
  1.e+00  0.e+00  0.e+00  0.e+00  0.e+00 -1.e+00 -1.e+00 -1.e+00 -1.e+00
 -2.e+03 -2.e+03  0.e+00 -2.e+03 -2.e+03  0.e+00 -1.e+00 -2.e+03 -2.e+03
  0.e+00 -2.e+03 -2.e+03  0.e+00 -1.e+00 -2.e+03 -2.e+03  0.e+00 -2.e+03
 -2.e+03  0.e+00 -1.e+00 -2.e+03 -2.e+03  0.e+00 -2.e+03 -2.e+03  0.e+00
 -1.e+00 -2.e+03 -2.e+03  0.e+00 -2.e+03 -2.e+03  0.e+00 -1.e+00 -2.e+03
 -2.e+03  0.e+00 -2.e+03 -2.e+03  0.e+00 -1.e+00 -2.e+03 -2.e+03  0.e+00
 -2.e+03 -2.e+03  0.e+00 -1.e+00 -2.e+03 -2.e+03  0.e+00 -2.e+03 -2.e+03
  0.e+00 -1.e+00 -2.e+03 -2.e+03  0.e+00 -1.e+00 -2.e+03 -2.e+03  0.e+00
 -1.e+00 -2.e+03 -2.e+03  0.e+00 -1.e+00 -2.e+03 -2.e+03  0.e+00 -1.e+00
 -2.e+03 -2.e+03  0.e+00 -1.e+00 -2.e+03 -2.e+03  0.e+00 -1.e+00 -2.e+03
 -2.e+03  0.e+00 -1.e+00 -2.e+03 -2.e+03  0.e+00 -1.e+00 -2.e+03 -2.e+03
  0.e+00 -1.e+00 -2.e+03 -2.e+03  0.e+00 -1.e+00 -1.e+00 -2.e+03 -2.e+03
  0.e+00 -1.e+00 -1.e+00 -2.e+03 -2.e+03  0.e+00 -1.e+00 -1.e+00 -2.e+03
 -2.e+03  0.e+00 -1.e+00 -1.e+00 -2.e+03 -2.e+03  0.e+00 -1.e+00 -1.e+00
 -2.e+03 -2.e+03  0.e+00 -1.e+00 -1.e+00 -2.e+03 -2.e+03  0.e+00 -1.e+00
 -1.e+00 -2.e+03 -2.e+03  0.e+00 -1.e+00 -1.e+00], [    inf     inf     inf     inf 2.0e+03 2.0e+03 2.0e+03 2.0e+03 2.0e+03
 2.0e+03 2.0e+03 2.0e+03 1.0e+03 2.0e+03 2.0e+03 2.0e+03 1.0e+00 2.0e+03
 2.0e+00     inf     inf     inf     inf 1.0e+00 1.0e+00 1.0e+00 1.0e+00
 2.0e+03 2.0e+03 1.0e+03 2.0e+03 2.0e+03 1.8e+02 1.0e+00 2.0e+03 2.0e+03
 1.0e+03 2.0e+03 2.0e+03 1.8e+02 1.0e+00 2.0e+03 2.0e+03 1.0e+03 2.0e+03
 2.0e+03 1.8e+02 1.0e+00 2.0e+03 2.0e+03 1.0e+03 2.0e+03 2.0e+03 1.8e+02
 1.0e+00 2.0e+03 2.0e+03 1.0e+03 2.0e+03 2.0e+03 1.8e+02 1.0e+00 2.0e+03
 2.0e+03 1.0e+03 2.0e+03 2.0e+03 1.8e+02 1.0e+00 2.0e+03 2.0e+03 1.0e+03
 2.0e+03 2.0e+03 1.8e+02 1.0e+00 2.0e+03 2.0e+03 1.0e+03 2.0e+03 2.0e+03
 1.8e+02 1.0e+00 2.0e+03 2.0e+03 1.0e+03 1.0e+00 2.0e+03 2.0e+03 1.0e+03
 1.0e+00 2.0e+03 2.0e+03 1.0e+03 1.0e+00 2.0e+03 2.0e+03 1.0e+03 1.0e+00
 2.0e+03 2.0e+03 1.0e+03 1.0e+00 2.0e+03 2.0e+03 1.0e+03 1.0e+00 2.0e+03
 2.0e+03 1.0e+03 1.0e+00 2.0e+03 2.0e+03 1.0e+03 1.0e+00 2.0e+03 2.0e+03
 1.0e+03 1.0e+00 2.0e+03 2.0e+03 2.0e+03 1.0e+00 1.0e+00 2.0e+03 2.0e+03
 2.0e+03 1.0e+00 1.0e+00 2.0e+03 2.0e+03 2.0e+03 1.0e+00 1.0e+00 2.0e+03
 2.0e+03 2.0e+03 1.0e+00 1.0e+00 2.0e+03 2.0e+03 2.0e+03 1.0e+00 1.0e+00
 2.0e+03 2.0e+03 2.0e+03 1.0e+00 1.0e+00 2.0e+03 2.0e+03 2.0e+03 1.0e+00
 1.0e+00 2.0e+03 2.0e+03 2.0e+03 1.0e+00 1.0e+00], (159,), float64), Box([ 0.e+00  0.e+00  0.e+00  0.e+00 -2.e+03 -2.e+03 -2.e+03 -2.e+03 -2.e+03
 -2.e+03 -2.e+03 -2.e+03  0.e+00 -2.e+03 -2.e+03  0.e+00 -1.e+00  0.e+00
  1.e+00  0.e+00  0.e+00  0.e+00  0.e+00 -1.e+00 -1.e+00 -1.e+00 -1.e+00
 -2.e+03 -2.e+03  0.e+00 -2.e+03 -2.e+03  0.e+00 -1.e+00 -2.e+03 -2.e+03
  0.e+00 -2.e+03 -2.e+03  0.e+00 -1.e+00 -2.e+03 -2.e+03  0.e+00 -2.e+03
 -2.e+03  0.e+00 -1.e+00 -2.e+03 -2.e+03  0.e+00 -2.e+03 -2.e+03  0.e+00
 -1.e+00 -2.e+03 -2.e+03  0.e+00 -2.e+03 -2.e+03  0.e+00 -1.e+00 -2.e+03
 -2.e+03  0.e+00 -2.e+03 -2.e+03  0.e+00 -1.e+00 -2.e+03 -2.e+03  0.e+00
 -2.e+03 -2.e+03  0.e+00 -1.e+00 -2.e+03 -2.e+03  0.e+00 -2.e+03 -2.e+03
  0.e+00 -1.e+00 -2.e+03 -2.e+03  0.e+00 -1.e+00 -2.e+03 -2.e+03  0.e+00
 -1.e+00 -2.e+03 -2.e+03  0.e+00 -1.e+00 -2.e+03 -2.e+03  0.e+00 -1.e+00
 -2.e+03 -2.e+03  0.e+00 -1.e+00 -2.e+03 -2.e+03  0.e+00 -1.e+00 -2.e+03
 -2.e+03  0.e+00 -1.e+00 -2.e+03 -2.e+03  0.e+00 -1.e+00 -2.e+03 -2.e+03
  0.e+00 -1.e+00 -2.e+03 -2.e+03  0.e+00 -1.e+00 -1.e+00 -2.e+03 -2.e+03
  0.e+00 -1.e+00 -1.e+00 -2.e+03 -2.e+03  0.e+00 -1.e+00 -1.e+00 -2.e+03
 -2.e+03  0.e+00 -1.e+00 -1.e+00 -2.e+03 -2.e+03  0.e+00 -1.e+00 -1.e+00
 -2.e+03 -2.e+03  0.e+00 -1.e+00 -1.e+00 -2.e+03 -2.e+03  0.e+00 -1.e+00
 -1.e+00 -2.e+03 -2.e+03  0.e+00 -1.e+00 -1.e+00], [    inf     inf     inf     inf 2.0e+03 2.0e+03 2.0e+03 2.0e+03 2.0e+03
 2.0e+03 2.0e+03 2.0e+03 1.0e+03 2.0e+03 2.0e+03 2.0e+03 1.0e+00 2.0e+03
 2.0e+00     inf     inf     inf     inf 1.0e+00 1.0e+00 1.0e+00 1.0e+00
 2.0e+03 2.0e+03 1.0e+03 2.0e+03 2.0e+03 1.8e+02 1.0e+00 2.0e+03 2.0e+03
 1.0e+03 2.0e+03 2.0e+03 1.8e+02 1.0e+00 2.0e+03 2.0e+03 1.0e+03 2.0e+03
 2.0e+03 1.8e+02 1.0e+00 2.0e+03 2.0e+03 1.0e+03 2.0e+03 2.0e+03 1.8e+02
 1.0e+00 2.0e+03 2.0e+03 1.0e+03 2.0e+03 2.0e+03 1.8e+02 1.0e+00 2.0e+03
 2.0e+03 1.0e+03 2.0e+03 2.0e+03 1.8e+02 1.0e+00 2.0e+03 2.0e+03 1.0e+03
 2.0e+03 2.0e+03 1.8e+02 1.0e+00 2.0e+03 2.0e+03 1.0e+03 2.0e+03 2.0e+03
 1.8e+02 1.0e+00 2.0e+03 2.0e+03 1.0e+03 1.0e+00 2.0e+03 2.0e+03 1.0e+03
 1.0e+00 2.0e+03 2.0e+03 1.0e+03 1.0e+00 2.0e+03 2.0e+03 1.0e+03 1.0e+00
 2.0e+03 2.0e+03 1.0e+03 1.0e+00 2.0e+03 2.0e+03 1.0e+03 1.0e+00 2.0e+03
 2.0e+03 1.0e+03 1.0e+00 2.0e+03 2.0e+03 1.0e+03 1.0e+00 2.0e+03 2.0e+03
 1.0e+03 1.0e+00 2.0e+03 2.0e+03 2.0e+03 1.0e+00 1.0e+00 2.0e+03 2.0e+03
 2.0e+03 1.0e+00 1.0e+00 2.0e+03 2.0e+03 2.0e+03 1.0e+00 1.0e+00 2.0e+03
 2.0e+03 2.0e+03 1.0e+00 1.0e+00 2.0e+03 2.0e+03 2.0e+03 1.0e+00 1.0e+00
 2.0e+03 2.0e+03 2.0e+03 1.0e+00 1.0e+00 2.0e+03 2.0e+03 2.0e+03 1.0e+00
 1.0e+00 2.0e+03 2.0e+03 2.0e+03 1.0e+00 1.0e+00], (159,), float64))
  shape:  None
  dtype:  None
  spaces:

  [0]
    type:   <class 'gymnasium.spaces.box.Box'>
    space:  Box([ 0.e+00  0.e+00  0.e+00  0.e+00 -2.e+03 -2.e+03 -2.e+03 -2.e+03 -2.e+03
 -2.e+03 -2.e+03 -2.e+03  0.e+00 -2.e+03 -2.e+03  0.e+00 -1.e+00  0.e+00
  1.e+00  0.e+00  0.e+00  0.e+00  0.e+00 -1.e+00 -1.e+00 -1.e+00 -1.e+00
 -2.e+03 -2.e+03  0.e+00 -2.e+03 -2.e+03  0.e+00 -1.e+00 -2.e+03 -2.e+03
  0.e+00 -2.e+03 -2.e+03  0.e+00 -1.e+00 -2.e+03 -2.e+03  0.e+00 -2.e+03
 -2.e+03  0.e+00 -1.e+00 -2.e+03 -2.e+03  0.e+00 -2.e+03 -2.e+03  0.e+00
 -1.e+00 -2.e+03 -2.e+03  0.e+00 -2.e+03 -2.e+03  0.e+00 -1.e+00 -2.e+03
 -2.e+03  0.e+00 -2.e+03 -2.e+03  0.e+00 -1.e+00 -2.e+03 -2.e+03  0.e+00
 -2.e+03 -2.e+03  0.e+00 -1.e+00 -2.e+03 -2.e+03  0.e+00 -2.e+03 -2.e+03
  0.e+00 -1.e+00 -2.e+03 -2.e+03  0.e+00 -1.e+00 -2.e+03 -2.e+03  0.e+00
 -1.e+00 -2.e+03 -2.e+03  0.e+00 -1.e+00 -2.e+03 -2.e+03  0.e+00 -1.e+00
 -2.e+03 -2.e+03  0.e+00 -1.e+00 -2.e+03 -2.e+03  0.e+00 -1.e+00 -2.e+03
 -2.e+03  0.e+00 -1.e+00 -2.e+03 -2.e+03  0.e+00 -1.e+00 -2.e+03 -2.e+03
  0.e+00 -1.e+00 -2.e+03 -2.e+03  0.e+00 -1.e+00 -1.e+00 -2.e+03 -2.e+03
  0.e+00 -1.e+00 -1.e+00 -2.e+03 -2.e+03  0.e+00 -1.e+00 -1.e+00 -2.e+03
 -2.e+03  0.e+00 -1.e+00 -1.e+00 -2.e+03 -2.e+03  0.e+00 -1.e+00 -1.e+00
 -2.e+03 -2.e+03  0.e+00 -1.e+00 -1.e+00 -2.e+03 -2.e+03  0.e+00 -1.e+00
 -1.e+00 -2.e+03 -2.e+03  0.e+00 -1.e+00 -1.e+00], [    inf     inf     inf     inf 2.0e+03 2.0e+03 2.0e+03 2.0e+03 2.0e+03
 2.0e+03 2.0e+03 2.0e+03 1.0e+03 2.0e+03 2.0e+03 2.0e+03 1.0e+00 2.0e+03
 2.0e+00     inf     inf     inf     inf 1.0e+00 1.0e+00 1.0e+00 1.0e+00
 2.0e+03 2.0e+03 1.0e+03 2.0e+03 2.0e+03 1.8e+02 1.0e+00 2.0e+03 2.0e+03
 1.0e+03 2.0e+03 2.0e+03 1.8e+02 1.0e+00 2.0e+03 2.0e+03 1.0e+03 2.0e+03
 2.0e+03 1.8e+02 1.0e+00 2.0e+03 2.0e+03 1.0e+03 2.0e+03 2.0e+03 1.8e+02
 1.0e+00 2.0e+03 2.0e+03 1.0e+03 2.0e+03 2.0e+03 1.8e+02 1.0e+00 2.0e+03
 2.0e+03 1.0e+03 2.0e+03 2.0e+03 1.8e+02 1.0e+00 2.0e+03 2.0e+03 1.0e+03
 2.0e+03 2.0e+03 1.8e+02 1.0e+00 2.0e+03 2.0e+03 1.0e+03 2.0e+03 2.0e+03
 1.8e+02 1.0e+00 2.0e+03 2.0e+03 1.0e+03 1.0e+00 2.0e+03 2.0e+03 1.0e+03
 1.0e+00 2.0e+03 2.0e+03 1.0e+03 1.0e+00 2.0e+03 2.0e+03 1.0e+03 1.0e+00
 2.0e+03 2.0e+03 1.0e+03 1.0e+00 2.0e+03 2.0e+03 1.0e+03 1.0e+00 2.0e+03
 2.0e+03 1.0e+03 1.0e+00 2.0e+03 2.0e+03 1.0e+03 1.0e+00 2.0e+03 2.0e+03
 1.0e+03 1.0e+00 2.0e+03 2.0e+03 2.0e+03 1.0e+00 1.0e+00 2.0e+03 2.0e+03
 2.0e+03 1.0e+00 1.0e+00 2.0e+03 2.0e+03 2.0e+03 1.0e+00 1.0e+00 2.0e+03
 2.0e+03 2.0e+03 1.0e+00 1.0e+00 2.0e+03 2.0e+03 2.0e+03 1.0e+00 1.0e+00
 2.0e+03 2.0e+03 2.0e+03 1.0e+00 1.0e+00 2.0e+03 2.0e+03 2.0e+03 1.0e+00
 1.0e+00 2.0e+03 2.0e+03 2.0e+03 1.0e+00 1.0e+00], (159,), float64)
    shape:  (159,)
    dtype:  float64

  [1]
    type:   <class 'gymnasium.spaces.box.Box'>
    space:  Box([ 0.e+00  0.e+00  0.e+00  0.e+00 -2.e+03 -2.e+03 -2.e+03 -2.e+03 -2.e+03
 -2.e+03 -2.e+03 -2.e+03  0.e+00 -2.e+03 -2.e+03  0.e+00 -1.e+00  0.e+00
  1.e+00  0.e+00  0.e+00  0.e+00  0.e+00 -1.e+00 -1.e+00 -1.e+00 -1.e+00
 -2.e+03 -2.e+03  0.e+00 -2.e+03 -2.e+03  0.e+00 -1.e+00 -2.e+03 -2.e+03
  0.e+00 -2.e+03 -2.e+03  0.e+00 -1.e+00 -2.e+03 -2.e+03  0.e+00 -2.e+03
 -2.e+03  0.e+00 -1.e+00 -2.e+03 -2.e+03  0.e+00 -2.e+03 -2.e+03  0.e+00
 -1.e+00 -2.e+03 -2.e+03  0.e+00 -2.e+03 -2.e+03  0.e+00 -1.e+00 -2.e+03
 -2.e+03  0.e+00 -2.e+03 -2.e+03  0.e+00 -1.e+00 -2.e+03 -2.e+03  0.e+00
 -2.e+03 -2.e+03  0.e+00 -1.e+00 -2.e+03 -2.e+03  0.e+00 -2.e+03 -2.e+03
  0.e+00 -1.e+00 -2.e+03 -2.e+03  0.e+00 -1.e+00 -2.e+03 -2.e+03  0.e+00
 -1.e+00 -2.e+03 -2.e+03  0.e+00 -1.e+00 -2.e+03 -2.e+03  0.e+00 -1.e+00
 -2.e+03 -2.e+03  0.e+00 -1.e+00 -2.e+03 -2.e+03  0.e+00 -1.e+00 -2.e+03
 -2.e+03  0.e+00 -1.e+00 -2.e+03 -2.e+03  0.e+00 -1.e+00 -2.e+03 -2.e+03
  0.e+00 -1.e+00 -2.e+03 -2.e+03  0.e+00 -1.e+00 -1.e+00 -2.e+03 -2.e+03
  0.e+00 -1.e+00 -1.e+00 -2.e+03 -2.e+03  0.e+00 -1.e+00 -1.e+00 -2.e+03
 -2.e+03  0.e+00 -1.e+00 -1.e+00 -2.e+03 -2.e+03  0.e+00 -1.e+00 -1.e+00
 -2.e+03 -2.e+03  0.e+00 -1.e+00 -1.e+00 -2.e+03 -2.e+03  0.e+00 -1.e+00
 -1.e+00 -2.e+03 -2.e+03  0.e+00 -1.e+00 -1.e+00], [    inf     inf     inf     inf 2.0e+03 2.0e+03 2.0e+03 2.0e+03 2.0e+03
 2.0e+03 2.0e+03 2.0e+03 1.0e+03 2.0e+03 2.0e+03 2.0e+03 1.0e+00 2.0e+03
 2.0e+00     inf     inf     inf     inf 1.0e+00 1.0e+00 1.0e+00 1.0e+00
 2.0e+03 2.0e+03 1.0e+03 2.0e+03 2.0e+03 1.8e+02 1.0e+00 2.0e+03 2.0e+03
 1.0e+03 2.0e+03 2.0e+03 1.8e+02 1.0e+00 2.0e+03 2.0e+03 1.0e+03 2.0e+03
 2.0e+03 1.8e+02 1.0e+00 2.0e+03 2.0e+03 1.0e+03 2.0e+03 2.0e+03 1.8e+02
 1.0e+00 2.0e+03 2.0e+03 1.0e+03 2.0e+03 2.0e+03 1.8e+02 1.0e+00 2.0e+03
 2.0e+03 1.0e+03 2.0e+03 2.0e+03 1.8e+02 1.0e+00 2.0e+03 2.0e+03 1.0e+03
 2.0e+03 2.0e+03 1.8e+02 1.0e+00 2.0e+03 2.0e+03 1.0e+03 2.0e+03 2.0e+03
 1.8e+02 1.0e+00 2.0e+03 2.0e+03 1.0e+03 1.0e+00 2.0e+03 2.0e+03 1.0e+03
 1.0e+00 2.0e+03 2.0e+03 1.0e+03 1.0e+00 2.0e+03 2.0e+03 1.0e+03 1.0e+00
 2.0e+03 2.0e+03 1.0e+03 1.0e+00 2.0e+03 2.0e+03 1.0e+03 1.0e+00 2.0e+03
 2.0e+03 1.0e+03 1.0e+00 2.0e+03 2.0e+03 1.0e+03 1.0e+00 2.0e+03 2.0e+03
 1.0e+03 1.0e+00 2.0e+03 2.0e+03 2.0e+03 1.0e+00 1.0e+00 2.0e+03 2.0e+03
 2.0e+03 1.0e+00 1.0e+00 2.0e+03 2.0e+03 2.0e+03 1.0e+00 1.0e+00 2.0e+03
 2.0e+03 2.0e+03 1.0e+00 1.0e+00 2.0e+03 2.0e+03 2.0e+03 1.0e+00 1.0e+00
 2.0e+03 2.0e+03 2.0e+03 1.0e+00 1.0e+00 2.0e+03 2.0e+03 2.0e+03 1.0e+00
 1.0e+00 2.0e+03 2.0e+03 2.0e+03 1.0e+00 1.0e+00], (159,), float64)
    shape:  (159,)
    dtype:  float64

  [2]
    type:   <class 'gymnasium.spaces.box.Box'>
    space:  Box([ 0.e+00  0.e+00  0.e+00  0.e+00 -2.e+03 -2.e+03 -2.e+03 -2.e+03 -2.e+03
 -2.e+03 -2.e+03 -2.e+03  0.e+00 -2.e+03 -2.e+03  0.e+00 -1.e+00  0.e+00
  1.e+00  0.e+00  0.e+00  0.e+00  0.e+00 -1.e+00 -1.e+00 -1.e+00 -1.e+00
 -2.e+03 -2.e+03  0.e+00 -2.e+03 -2.e+03  0.e+00 -1.e+00 -2.e+03 -2.e+03
  0.e+00 -2.e+03 -2.e+03  0.e+00 -1.e+00 -2.e+03 -2.e+03  0.e+00 -2.e+03
 -2.e+03  0.e+00 -1.e+00 -2.e+03 -2.e+03  0.e+00 -2.e+03 -2.e+03  0.e+00
 -1.e+00 -2.e+03 -2.e+03  0.e+00 -2.e+03 -2.e+03  0.e+00 -1.e+00 -2.e+03
 -2.e+03  0.e+00 -2.e+03 -2.e+03  0.e+00 -1.e+00 -2.e+03 -2.e+03  0.e+00
 -2.e+03 -2.e+03  0.e+00 -1.e+00 -2.e+03 -2.e+03  0.e+00 -2.e+03 -2.e+03
  0.e+00 -1.e+00 -2.e+03 -2.e+03  0.e+00 -1.e+00 -2.e+03 -2.e+03  0.e+00
 -1.e+00 -2.e+03 -2.e+03  0.e+00 -1.e+00 -2.e+03 -2.e+03  0.e+00 -1.e+00
 -2.e+03 -2.e+03  0.e+00 -1.e+00 -2.e+03 -2.e+03  0.e+00 -1.e+00 -2.e+03
 -2.e+03  0.e+00 -1.e+00 -2.e+03 -2.e+03  0.e+00 -1.e+00 -2.e+03 -2.e+03
  0.e+00 -1.e+00 -2.e+03 -2.e+03  0.e+00 -1.e+00 -1.e+00 -2.e+03 -2.e+03
  0.e+00 -1.e+00 -1.e+00 -2.e+03 -2.e+03  0.e+00 -1.e+00 -1.e+00 -2.e+03
 -2.e+03  0.e+00 -1.e+00 -1.e+00 -2.e+03 -2.e+03  0.e+00 -1.e+00 -1.e+00
 -2.e+03 -2.e+03  0.e+00 -1.e+00 -1.e+00 -2.e+03 -2.e+03  0.e+00 -1.e+00
 -1.e+00 -2.e+03 -2.e+03  0.e+00 -1.e+00 -1.e+00], [    inf     inf     inf     inf 2.0e+03 2.0e+03 2.0e+03 2.0e+03 2.0e+03
 2.0e+03 2.0e+03 2.0e+03 1.0e+03 2.0e+03 2.0e+03 2.0e+03 1.0e+00 2.0e+03
 2.0e+00     inf     inf     inf     inf 1.0e+00 1.0e+00 1.0e+00 1.0e+00
 2.0e+03 2.0e+03 1.0e+03 2.0e+03 2.0e+03 1.8e+02 1.0e+00 2.0e+03 2.0e+03
 1.0e+03 2.0e+03 2.0e+03 1.8e+02 1.0e+00 2.0e+03 2.0e+03 1.0e+03 2.0e+03
 2.0e+03 1.8e+02 1.0e+00 2.0e+03 2.0e+03 1.0e+03 2.0e+03 2.0e+03 1.8e+02
 1.0e+00 2.0e+03 2.0e+03 1.0e+03 2.0e+03 2.0e+03 1.8e+02 1.0e+00 2.0e+03
 2.0e+03 1.0e+03 2.0e+03 2.0e+03 1.8e+02 1.0e+00 2.0e+03 2.0e+03 1.0e+03
 2.0e+03 2.0e+03 1.8e+02 1.0e+00 2.0e+03 2.0e+03 1.0e+03 2.0e+03 2.0e+03
 1.8e+02 1.0e+00 2.0e+03 2.0e+03 1.0e+03 1.0e+00 2.0e+03 2.0e+03 1.0e+03
 1.0e+00 2.0e+03 2.0e+03 1.0e+03 1.0e+00 2.0e+03 2.0e+03 1.0e+03 1.0e+00
 2.0e+03 2.0e+03 1.0e+03 1.0e+00 2.0e+03 2.0e+03 1.0e+03 1.0e+00 2.0e+03
 2.0e+03 1.0e+03 1.0e+00 2.0e+03 2.0e+03 1.0e+03 1.0e+00 2.0e+03 2.0e+03
 1.0e+03 1.0e+00 2.0e+03 2.0e+03 2.0e+03 1.0e+00 1.0e+00 2.0e+03 2.0e+03
 2.0e+03 1.0e+00 1.0e+00 2.0e+03 2.0e+03 2.0e+03 1.0e+00 1.0e+00 2.0e+03
 2.0e+03 2.0e+03 1.0e+00 1.0e+00 2.0e+03 2.0e+03 2.0e+03 1.0e+00 1.0e+00
 2.0e+03 2.0e+03 2.0e+03 1.0e+00 1.0e+00 2.0e+03 2.0e+03 2.0e+03 1.0e+00
 1.0e+00 2.0e+03 2.0e+03 2.0e+03 1.0e+00 1.0e+00], (159,), float64)
    shape:  (159,)
    dtype:  float64

  [3]
    type:   <class 'gymnasium.spaces.box.Box'>
    space:  Box([ 0.e+00  0.e+00  0.e+00  0.e+00 -2.e+03 -2.e+03 -2.e+03 -2.e+03 -2.e+03
 -2.e+03 -2.e+03 -2.e+03  0.e+00 -2.e+03 -2.e+03  0.e+00 -1.e+00  0.e+00
  1.e+00  0.e+00  0.e+00  0.e+00  0.e+00 -1.e+00 -1.e+00 -1.e+00 -1.e+00
 -2.e+03 -2.e+03  0.e+00 -2.e+03 -2.e+03  0.e+00 -1.e+00 -2.e+03 -2.e+03
  0.e+00 -2.e+03 -2.e+03  0.e+00 -1.e+00 -2.e+03 -2.e+03  0.e+00 -2.e+03
 -2.e+03  0.e+00 -1.e+00 -2.e+03 -2.e+03  0.e+00 -2.e+03 -2.e+03  0.e+00
 -1.e+00 -2.e+03 -2.e+03  0.e+00 -2.e+03 -2.e+03  0.e+00 -1.e+00 -2.e+03
 -2.e+03  0.e+00 -2.e+03 -2.e+03  0.e+00 -1.e+00 -2.e+03 -2.e+03  0.e+00
 -2.e+03 -2.e+03  0.e+00 -1.e+00 -2.e+03 -2.e+03  0.e+00 -2.e+03 -2.e+03
  0.e+00 -1.e+00 -2.e+03 -2.e+03  0.e+00 -1.e+00 -2.e+03 -2.e+03  0.e+00
 -1.e+00 -2.e+03 -2.e+03  0.e+00 -1.e+00 -2.e+03 -2.e+03  0.e+00 -1.e+00
 -2.e+03 -2.e+03  0.e+00 -1.e+00 -2.e+03 -2.e+03  0.e+00 -1.e+00 -2.e+03
 -2.e+03  0.e+00 -1.e+00 -2.e+03 -2.e+03  0.e+00 -1.e+00 -2.e+03 -2.e+03
  0.e+00 -1.e+00 -2.e+03 -2.e+03  0.e+00 -1.e+00 -1.e+00 -2.e+03 -2.e+03
  0.e+00 -1.e+00 -1.e+00 -2.e+03 -2.e+03  0.e+00 -1.e+00 -1.e+00 -2.e+03
 -2.e+03  0.e+00 -1.e+00 -1.e+00 -2.e+03 -2.e+03  0.e+00 -1.e+00 -1.e+00
 -2.e+03 -2.e+03  0.e+00 -1.e+00 -1.e+00 -2.e+03 -2.e+03  0.e+00 -1.e+00
 -1.e+00 -2.e+03 -2.e+03  0.e+00 -1.e+00 -1.e+00], [    inf     inf     inf     inf 2.0e+03 2.0e+03 2.0e+03 2.0e+03 2.0e+03
 2.0e+03 2.0e+03 2.0e+03 1.0e+03 2.0e+03 2.0e+03 2.0e+03 1.0e+00 2.0e+03
 2.0e+00     inf     inf     inf     inf 1.0e+00 1.0e+00 1.0e+00 1.0e+00
 2.0e+03 2.0e+03 1.0e+03 2.0e+03 2.0e+03 1.8e+02 1.0e+00 2.0e+03 2.0e+03
 1.0e+03 2.0e+03 2.0e+03 1.8e+02 1.0e+00 2.0e+03 2.0e+03 1.0e+03 2.0e+03
 2.0e+03 1.8e+02 1.0e+00 2.0e+03 2.0e+03 1.0e+03 2.0e+03 2.0e+03 1.8e+02
 1.0e+00 2.0e+03 2.0e+03 1.0e+03 2.0e+03 2.0e+03 1.8e+02 1.0e+00 2.0e+03
 2.0e+03 1.0e+03 2.0e+03 2.0e+03 1.8e+02 1.0e+00 2.0e+03 2.0e+03 1.0e+03
 2.0e+03 2.0e+03 1.8e+02 1.0e+00 2.0e+03 2.0e+03 1.0e+03 2.0e+03 2.0e+03
 1.8e+02 1.0e+00 2.0e+03 2.0e+03 1.0e+03 1.0e+00 2.0e+03 2.0e+03 1.0e+03
 1.0e+00 2.0e+03 2.0e+03 1.0e+03 1.0e+00 2.0e+03 2.0e+03 1.0e+03 1.0e+00
 2.0e+03 2.0e+03 1.0e+03 1.0e+00 2.0e+03 2.0e+03 1.0e+03 1.0e+00 2.0e+03
 2.0e+03 1.0e+03 1.0e+00 2.0e+03 2.0e+03 1.0e+03 1.0e+00 2.0e+03 2.0e+03
 1.0e+03 1.0e+00 2.0e+03 2.0e+03 2.0e+03 1.0e+00 1.0e+00 2.0e+03 2.0e+03
 2.0e+03 1.0e+00 1.0e+00 2.0e+03 2.0e+03 2.0e+03 1.0e+00 1.0e+00 2.0e+03
 2.0e+03 2.0e+03 1.0e+00 1.0e+00 2.0e+03 2.0e+03 2.0e+03 1.0e+00 1.0e+00
 2.0e+03 2.0e+03 2.0e+03 1.0e+00 1.0e+00 2.0e+03 2.0e+03 2.0e+03 1.0e+00
 1.0e+00 2.0e+03 2.0e+03 2.0e+03 1.0e+00 1.0e+00], (159,), float64)
    shape:  (159,)
    dtype:  float64

  [4]
    type:   <class 'gymnasium.spaces.box.Box'>
    space:  Box([ 0.e+00  0.e+00  0.e+00  0.e+00 -2.e+03 -2.e+03 -2.e+03 -2.e+03 -2.e+03
 -2.e+03 -2.e+03 -2.e+03  0.e+00 -2.e+03 -2.e+03  0.e+00 -1.e+00  0.e+00
  1.e+00  0.e+00  0.e+00  0.e+00  0.e+00 -1.e+00 -1.e+00 -1.e+00 -1.e+00
 -2.e+03 -2.e+03  0.e+00 -2.e+03 -2.e+03  0.e+00 -1.e+00 -2.e+03 -2.e+03
  0.e+00 -2.e+03 -2.e+03  0.e+00 -1.e+00 -2.e+03 -2.e+03  0.e+00 -2.e+03
 -2.e+03  0.e+00 -1.e+00 -2.e+03 -2.e+03  0.e+00 -2.e+03 -2.e+03  0.e+00
 -1.e+00 -2.e+03 -2.e+03  0.e+00 -2.e+03 -2.e+03  0.e+00 -1.e+00 -2.e+03
 -2.e+03  0.e+00 -2.e+03 -2.e+03  0.e+00 -1.e+00 -2.e+03 -2.e+03  0.e+00
 -2.e+03 -2.e+03  0.e+00 -1.e+00 -2.e+03 -2.e+03  0.e+00 -2.e+03 -2.e+03
  0.e+00 -1.e+00 -2.e+03 -2.e+03  0.e+00 -1.e+00 -2.e+03 -2.e+03  0.e+00
 -1.e+00 -2.e+03 -2.e+03  0.e+00 -1.e+00 -2.e+03 -2.e+03  0.e+00 -1.e+00
 -2.e+03 -2.e+03  0.e+00 -1.e+00 -2.e+03 -2.e+03  0.e+00 -1.e+00 -2.e+03
 -2.e+03  0.e+00 -1.e+00 -2.e+03 -2.e+03  0.e+00 -1.e+00 -2.e+03 -2.e+03
  0.e+00 -1.e+00 -2.e+03 -2.e+03  0.e+00 -1.e+00 -1.e+00 -2.e+03 -2.e+03
  0.e+00 -1.e+00 -1.e+00 -2.e+03 -2.e+03  0.e+00 -1.e+00 -1.e+00 -2.e+03
 -2.e+03  0.e+00 -1.e+00 -1.e+00 -2.e+03 -2.e+03  0.e+00 -1.e+00 -1.e+00
 -2.e+03 -2.e+03  0.e+00 -1.e+00 -1.e+00 -2.e+03 -2.e+03  0.e+00 -1.e+00
 -1.e+00 -2.e+03 -2.e+03  0.e+00 -1.e+00 -1.e+00], [    inf     inf     inf     inf 2.0e+03 2.0e+03 2.0e+03 2.0e+03 2.0e+03
 2.0e+03 2.0e+03 2.0e+03 1.0e+03 2.0e+03 2.0e+03 2.0e+03 1.0e+00 2.0e+03
 2.0e+00     inf     inf     inf     inf 1.0e+00 1.0e+00 1.0e+00 1.0e+00
 2.0e+03 2.0e+03 1.0e+03 2.0e+03 2.0e+03 1.8e+02 1.0e+00 2.0e+03 2.0e+03
 1.0e+03 2.0e+03 2.0e+03 1.8e+02 1.0e+00 2.0e+03 2.0e+03 1.0e+03 2.0e+03
 2.0e+03 1.8e+02 1.0e+00 2.0e+03 2.0e+03 1.0e+03 2.0e+03 2.0e+03 1.8e+02
 1.0e+00 2.0e+03 2.0e+03 1.0e+03 2.0e+03 2.0e+03 1.8e+02 1.0e+00 2.0e+03
 2.0e+03 1.0e+03 2.0e+03 2.0e+03 1.8e+02 1.0e+00 2.0e+03 2.0e+03 1.0e+03
 2.0e+03 2.0e+03 1.8e+02 1.0e+00 2.0e+03 2.0e+03 1.0e+03 2.0e+03 2.0e+03
 1.8e+02 1.0e+00 2.0e+03 2.0e+03 1.0e+03 1.0e+00 2.0e+03 2.0e+03 1.0e+03
 1.0e+00 2.0e+03 2.0e+03 1.0e+03 1.0e+00 2.0e+03 2.0e+03 1.0e+03 1.0e+00
 2.0e+03 2.0e+03 1.0e+03 1.0e+00 2.0e+03 2.0e+03 1.0e+03 1.0e+00 2.0e+03
 2.0e+03 1.0e+03 1.0e+00 2.0e+03 2.0e+03 1.0e+03 1.0e+00 2.0e+03 2.0e+03
 1.0e+03 1.0e+00 2.0e+03 2.0e+03 2.0e+03 1.0e+00 1.0e+00 2.0e+03 2.0e+03
 2.0e+03 1.0e+00 1.0e+00 2.0e+03 2.0e+03 2.0e+03 1.0e+00 1.0e+00 2.0e+03
 2.0e+03 2.0e+03 1.0e+00 1.0e+00 2.0e+03 2.0e+03 2.0e+03 1.0e+00 1.0e+00
 2.0e+03 2.0e+03 2.0e+03 1.0e+00 1.0e+00 2.0e+03 2.0e+03 2.0e+03 1.0e+00
 1.0e+00 2.0e+03 2.0e+03 2.0e+03 1.0e+00 1.0e+00], (159,), float64)
    shape:  (159,)
    dtype:  float64

  [5]
    type:   <class 'gymnasium.spaces.box.Box'>
    space:  Box([ 0.e+00  0.e+00  0.e+00  0.e+00 -2.e+03 -2.e+03 -2.e+03 -2.e+03 -2.e+03
 -2.e+03 -2.e+03 -2.e+03  0.e+00 -2.e+03 -2.e+03  0.e+00 -1.e+00  0.e+00
  1.e+00  0.e+00  0.e+00  0.e+00  0.e+00 -1.e+00 -1.e+00 -1.e+00 -1.e+00
 -2.e+03 -2.e+03  0.e+00 -2.e+03 -2.e+03  0.e+00 -1.e+00 -2.e+03 -2.e+03
  0.e+00 -2.e+03 -2.e+03  0.e+00 -1.e+00 -2.e+03 -2.e+03  0.e+00 -2.e+03
 -2.e+03  0.e+00 -1.e+00 -2.e+03 -2.e+03  0.e+00 -2.e+03 -2.e+03  0.e+00
 -1.e+00 -2.e+03 -2.e+03  0.e+00 -2.e+03 -2.e+03  0.e+00 -1.e+00 -2.e+03
 -2.e+03  0.e+00 -2.e+03 -2.e+03  0.e+00 -1.e+00 -2.e+03 -2.e+03  0.e+00
 -2.e+03 -2.e+03  0.e+00 -1.e+00 -2.e+03 -2.e+03  0.e+00 -2.e+03 -2.e+03
  0.e+00 -1.e+00 -2.e+03 -2.e+03  0.e+00 -1.e+00 -2.e+03 -2.e+03  0.e+00
 -1.e+00 -2.e+03 -2.e+03  0.e+00 -1.e+00 -2.e+03 -2.e+03  0.e+00 -1.e+00
 -2.e+03 -2.e+03  0.e+00 -1.e+00 -2.e+03 -2.e+03  0.e+00 -1.e+00 -2.e+03
 -2.e+03  0.e+00 -1.e+00 -2.e+03 -2.e+03  0.e+00 -1.e+00 -2.e+03 -2.e+03
  0.e+00 -1.e+00 -2.e+03 -2.e+03  0.e+00 -1.e+00 -1.e+00 -2.e+03 -2.e+03
  0.e+00 -1.e+00 -1.e+00 -2.e+03 -2.e+03  0.e+00 -1.e+00 -1.e+00 -2.e+03
 -2.e+03  0.e+00 -1.e+00 -1.e+00 -2.e+03 -2.e+03  0.e+00 -1.e+00 -1.e+00
 -2.e+03 -2.e+03  0.e+00 -1.e+00 -1.e+00 -2.e+03 -2.e+03  0.e+00 -1.e+00
 -1.e+00 -2.e+03 -2.e+03  0.e+00 -1.e+00 -1.e+00], [    inf     inf     inf     inf 2.0e+03 2.0e+03 2.0e+03 2.0e+03 2.0e+03
 2.0e+03 2.0e+03 2.0e+03 1.0e+03 2.0e+03 2.0e+03 2.0e+03 1.0e+00 2.0e+03
 2.0e+00     inf     inf     inf     inf 1.0e+00 1.0e+00 1.0e+00 1.0e+00
 2.0e+03 2.0e+03 1.0e+03 2.0e+03 2.0e+03 1.8e+02 1.0e+00 2.0e+03 2.0e+03
 1.0e+03 2.0e+03 2.0e+03 1.8e+02 1.0e+00 2.0e+03 2.0e+03 1.0e+03 2.0e+03
 2.0e+03 1.8e+02 1.0e+00 2.0e+03 2.0e+03 1.0e+03 2.0e+03 2.0e+03 1.8e+02
 1.0e+00 2.0e+03 2.0e+03 1.0e+03 2.0e+03 2.0e+03 1.8e+02 1.0e+00 2.0e+03
 2.0e+03 1.0e+03 2.0e+03 2.0e+03 1.8e+02 1.0e+00 2.0e+03 2.0e+03 1.0e+03
 2.0e+03 2.0e+03 1.8e+02 1.0e+00 2.0e+03 2.0e+03 1.0e+03 2.0e+03 2.0e+03
 1.8e+02 1.0e+00 2.0e+03 2.0e+03 1.0e+03 1.0e+00 2.0e+03 2.0e+03 1.0e+03
 1.0e+00 2.0e+03 2.0e+03 1.0e+03 1.0e+00 2.0e+03 2.0e+03 1.0e+03 1.0e+00
 2.0e+03 2.0e+03 1.0e+03 1.0e+00 2.0e+03 2.0e+03 1.0e+03 1.0e+00 2.0e+03
 2.0e+03 1.0e+03 1.0e+00 2.0e+03 2.0e+03 1.0e+03 1.0e+00 2.0e+03 2.0e+03
 1.0e+03 1.0e+00 2.0e+03 2.0e+03 2.0e+03 1.0e+00 1.0e+00 2.0e+03 2.0e+03
 2.0e+03 1.0e+00 1.0e+00 2.0e+03 2.0e+03 2.0e+03 1.0e+00 1.0e+00 2.0e+03
 2.0e+03 2.0e+03 1.0e+00 1.0e+00 2.0e+03 2.0e+03 2.0e+03 1.0e+00 1.0e+00
 2.0e+03 2.0e+03 2.0e+03 1.0e+00 1.0e+00 2.0e+03 2.0e+03 2.0e+03 1.0e+00
 1.0e+00 2.0e+03 2.0e+03 2.0e+03 1.0e+00 1.0e+00], (159,), float64)
    shape:  (159,)
    dtype:  float64

  [6]
    type:   <class 'gymnasium.spaces.box.Box'>
    space:  Box([ 0.e+00  0.e+00  0.e+00  0.e+00 -2.e+03 -2.e+03 -2.e+03 -2.e+03 -2.e+03
 -2.e+03 -2.e+03 -2.e+03  0.e+00 -2.e+03 -2.e+03  0.e+00 -1.e+00  0.e+00
  1.e+00  0.e+00  0.e+00  0.e+00  0.e+00 -1.e+00 -1.e+00 -1.e+00 -1.e+00
 -2.e+03 -2.e+03  0.e+00 -2.e+03 -2.e+03  0.e+00 -1.e+00 -2.e+03 -2.e+03
  0.e+00 -2.e+03 -2.e+03  0.e+00 -1.e+00 -2.e+03 -2.e+03  0.e+00 -2.e+03
 -2.e+03  0.e+00 -1.e+00 -2.e+03 -2.e+03  0.e+00 -2.e+03 -2.e+03  0.e+00
 -1.e+00 -2.e+03 -2.e+03  0.e+00 -2.e+03 -2.e+03  0.e+00 -1.e+00 -2.e+03
 -2.e+03  0.e+00 -2.e+03 -2.e+03  0.e+00 -1.e+00 -2.e+03 -2.e+03  0.e+00
 -2.e+03 -2.e+03  0.e+00 -1.e+00 -2.e+03 -2.e+03  0.e+00 -2.e+03 -2.e+03
  0.e+00 -1.e+00 -2.e+03 -2.e+03  0.e+00 -1.e+00 -2.e+03 -2.e+03  0.e+00
 -1.e+00 -2.e+03 -2.e+03  0.e+00 -1.e+00 -2.e+03 -2.e+03  0.e+00 -1.e+00
 -2.e+03 -2.e+03  0.e+00 -1.e+00 -2.e+03 -2.e+03  0.e+00 -1.e+00 -2.e+03
 -2.e+03  0.e+00 -1.e+00 -2.e+03 -2.e+03  0.e+00 -1.e+00 -2.e+03 -2.e+03
  0.e+00 -1.e+00 -2.e+03 -2.e+03  0.e+00 -1.e+00 -1.e+00 -2.e+03 -2.e+03
  0.e+00 -1.e+00 -1.e+00 -2.e+03 -2.e+03  0.e+00 -1.e+00 -1.e+00 -2.e+03
 -2.e+03  0.e+00 -1.e+00 -1.e+00 -2.e+03 -2.e+03  0.e+00 -1.e+00 -1.e+00
 -2.e+03 -2.e+03  0.e+00 -1.e+00 -1.e+00 -2.e+03 -2.e+03  0.e+00 -1.e+00
 -1.e+00 -2.e+03 -2.e+03  0.e+00 -1.e+00 -1.e+00], [    inf     inf     inf     inf 2.0e+03 2.0e+03 2.0e+03 2.0e+03 2.0e+03
 2.0e+03 2.0e+03 2.0e+03 1.0e+03 2.0e+03 2.0e+03 2.0e+03 1.0e+00 2.0e+03
 2.0e+00     inf     inf     inf     inf 1.0e+00 1.0e+00 1.0e+00 1.0e+00
 2.0e+03 2.0e+03 1.0e+03 2.0e+03 2.0e+03 1.8e+02 1.0e+00 2.0e+03 2.0e+03
 1.0e+03 2.0e+03 2.0e+03 1.8e+02 1.0e+00 2.0e+03 2.0e+03 1.0e+03 2.0e+03
 2.0e+03 1.8e+02 1.0e+00 2.0e+03 2.0e+03 1.0e+03 2.0e+03 2.0e+03 1.8e+02
 1.0e+00 2.0e+03 2.0e+03 1.0e+03 2.0e+03 2.0e+03 1.8e+02 1.0e+00 2.0e+03
 2.0e+03 1.0e+03 2.0e+03 2.0e+03 1.8e+02 1.0e+00 2.0e+03 2.0e+03 1.0e+03
 2.0e+03 2.0e+03 1.8e+02 1.0e+00 2.0e+03 2.0e+03 1.0e+03 2.0e+03 2.0e+03
 1.8e+02 1.0e+00 2.0e+03 2.0e+03 1.0e+03 1.0e+00 2.0e+03 2.0e+03 1.0e+03
 1.0e+00 2.0e+03 2.0e+03 1.0e+03 1.0e+00 2.0e+03 2.0e+03 1.0e+03 1.0e+00
 2.0e+03 2.0e+03 1.0e+03 1.0e+00 2.0e+03 2.0e+03 1.0e+03 1.0e+00 2.0e+03
 2.0e+03 1.0e+03 1.0e+00 2.0e+03 2.0e+03 1.0e+03 1.0e+00 2.0e+03 2.0e+03
 1.0e+03 1.0e+00 2.0e+03 2.0e+03 2.0e+03 1.0e+00 1.0e+00 2.0e+03 2.0e+03
 2.0e+03 1.0e+00 1.0e+00 2.0e+03 2.0e+03 2.0e+03 1.0e+00 1.0e+00 2.0e+03
 2.0e+03 2.0e+03 1.0e+00 1.0e+00 2.0e+03 2.0e+03 2.0e+03 1.0e+00 1.0e+00
 2.0e+03 2.0e+03 2.0e+03 1.0e+00 1.0e+00 2.0e+03 2.0e+03 2.0e+03 1.0e+00
 1.0e+00 2.0e+03 2.0e+03 2.0e+03 1.0e+00 1.0e+00], (159,), float64)
    shape:  (159,)
    dtype:  float64

  [7]
    type:   <class 'gymnasium.spaces.box.Box'>
    space:  Box([ 0.e+00  0.e+00  0.e+00  0.e+00 -2.e+03 -2.e+03 -2.e+03 -2.e+03 -2.e+03
 -2.e+03 -2.e+03 -2.e+03  0.e+00 -2.e+03 -2.e+03  0.e+00 -1.e+00  0.e+00
  1.e+00  0.e+00  0.e+00  0.e+00  0.e+00 -1.e+00 -1.e+00 -1.e+00 -1.e+00
 -2.e+03 -2.e+03  0.e+00 -2.e+03 -2.e+03  0.e+00 -1.e+00 -2.e+03 -2.e+03
  0.e+00 -2.e+03 -2.e+03  0.e+00 -1.e+00 -2.e+03 -2.e+03  0.e+00 -2.e+03
 -2.e+03  0.e+00 -1.e+00 -2.e+03 -2.e+03  0.e+00 -2.e+03 -2.e+03  0.e+00
 -1.e+00 -2.e+03 -2.e+03  0.e+00 -2.e+03 -2.e+03  0.e+00 -1.e+00 -2.e+03
 -2.e+03  0.e+00 -2.e+03 -2.e+03  0.e+00 -1.e+00 -2.e+03 -2.e+03  0.e+00
 -2.e+03 -2.e+03  0.e+00 -1.e+00 -2.e+03 -2.e+03  0.e+00 -2.e+03 -2.e+03
  0.e+00 -1.e+00 -2.e+03 -2.e+03  0.e+00 -1.e+00 -2.e+03 -2.e+03  0.e+00
 -1.e+00 -2.e+03 -2.e+03  0.e+00 -1.e+00 -2.e+03 -2.e+03  0.e+00 -1.e+00
 -2.e+03 -2.e+03  0.e+00 -1.e+00 -2.e+03 -2.e+03  0.e+00 -1.e+00 -2.e+03
 -2.e+03  0.e+00 -1.e+00 -2.e+03 -2.e+03  0.e+00 -1.e+00 -2.e+03 -2.e+03
  0.e+00 -1.e+00 -2.e+03 -2.e+03  0.e+00 -1.e+00 -1.e+00 -2.e+03 -2.e+03
  0.e+00 -1.e+00 -1.e+00 -2.e+03 -2.e+03  0.e+00 -1.e+00 -1.e+00 -2.e+03
 -2.e+03  0.e+00 -1.e+00 -1.e+00 -2.e+03 -2.e+03  0.e+00 -1.e+00 -1.e+00
 -2.e+03 -2.e+03  0.e+00 -1.e+00 -1.e+00 -2.e+03 -2.e+03  0.e+00 -1.e+00
 -1.e+00 -2.e+03 -2.e+03  0.e+00 -1.e+00 -1.e+00], [    inf     inf     inf     inf 2.0e+03 2.0e+03 2.0e+03 2.0e+03 2.0e+03
 2.0e+03 2.0e+03 2.0e+03 1.0e+03 2.0e+03 2.0e+03 2.0e+03 1.0e+00 2.0e+03
 2.0e+00     inf     inf     inf     inf 1.0e+00 1.0e+00 1.0e+00 1.0e+00
 2.0e+03 2.0e+03 1.0e+03 2.0e+03 2.0e+03 1.8e+02 1.0e+00 2.0e+03 2.0e+03
 1.0e+03 2.0e+03 2.0e+03 1.8e+02 1.0e+00 2.0e+03 2.0e+03 1.0e+03 2.0e+03
 2.0e+03 1.8e+02 1.0e+00 2.0e+03 2.0e+03 1.0e+03 2.0e+03 2.0e+03 1.8e+02
 1.0e+00 2.0e+03 2.0e+03 1.0e+03 2.0e+03 2.0e+03 1.8e+02 1.0e+00 2.0e+03
 2.0e+03 1.0e+03 2.0e+03 2.0e+03 1.8e+02 1.0e+00 2.0e+03 2.0e+03 1.0e+03
 2.0e+03 2.0e+03 1.8e+02 1.0e+00 2.0e+03 2.0e+03 1.0e+03 2.0e+03 2.0e+03
 1.8e+02 1.0e+00 2.0e+03 2.0e+03 1.0e+03 1.0e+00 2.0e+03 2.0e+03 1.0e+03
 1.0e+00 2.0e+03 2.0e+03 1.0e+03 1.0e+00 2.0e+03 2.0e+03 1.0e+03 1.0e+00
 2.0e+03 2.0e+03 1.0e+03 1.0e+00 2.0e+03 2.0e+03 1.0e+03 1.0e+00 2.0e+03
 2.0e+03 1.0e+03 1.0e+00 2.0e+03 2.0e+03 1.0e+03 1.0e+00 2.0e+03 2.0e+03
 1.0e+03 1.0e+00 2.0e+03 2.0e+03 2.0e+03 1.0e+00 1.0e+00 2.0e+03 2.0e+03
 2.0e+03 1.0e+00 1.0e+00 2.0e+03 2.0e+03 2.0e+03 1.0e+00 1.0e+00 2.0e+03
 2.0e+03 2.0e+03 1.0e+00 1.0e+00 2.0e+03 2.0e+03 2.0e+03 1.0e+00 1.0e+00
 2.0e+03 2.0e+03 2.0e+03 1.0e+00 1.0e+00 2.0e+03 2.0e+03 2.0e+03 1.0e+00
 1.0e+00 2.0e+03 2.0e+03 2.0e+03 1.0e+00 1.0e+00], (159,), float64)
    shape:  (159,)
    dtype:  float64

================================================================================
RESET
================================================================================
observation type: <class 'numpy.ndarray'>
observation shape: (8, 154)
observation dtype: float64
observation:
[[  8.           8.           9.         ...   0.           0.
    0.        ]
 [  8.           8.           9.         ...   0.           0.
    0.        ]
 [  8.           8.           9.         ...   0.           0.
    0.        ]
 ...
 [  8.           8.           9.         ...   0.           0.
    0.        ]
 [  8.           8.           9.         ...   0.           0.
    0.        ]
 [  8.           8.           9.         ... 541.65258308  60.00501528
    1.        ]]

info type: <class 'dict'>
info: {'infos': {}}

================================================================================
SAMPLE ACTION
================================================================================
action type: <class 'tuple'>
action shape: None
action dtype: None
action:
(array([3.44052477, 2.33960696]), array([3.01897996, 1.41866824]), array([-2.51383723, -1.76309715]), array([-2.2562113 , -1.61996884]), array([ 1.38251645, -0.00389887]), array([3.91484403, 0.72789228]), array([-0.15778672, -1.59017167]), array([2.81901752, 1.3410712 ]))

================================================================================
STEP
================================================================================
next_observation type: <class 'numpy.ndarray'>
next_observation shape: (8, 154)
next_observation dtype: float64

reward type: <class 'float'>
reward shape: None
reward: 1.0

terminated type: <class 'bool'>
terminated: False

truncated type: <class 'bool'>
truncated: False

info type: <class 'dict'>
info: {'infos': [{'raw_reward': 1.0, 'normalized_raw_reward': np.float64(7.8125e-05), 'messages': [], 'out_communication_edges': np.int64(0), 'in_communication_edges': np.int64(0), 'coverage_rate': np.float64(0.125), 'real_coverage_rate': np.float64(0.125), 'mean_transport_rate': 0.0, 'num_delivered_cargoes': 0}, {'raw_reward': 1.0, 'normalized_raw_reward': np.float64(7.8125e-05), 'messages': [], 'out_communication_edges': np.int64(0), 'in_communication_edges': np.int64(0), 'coverage_rate': np.float64(0.125), 'real_coverage_rate': np.float64(0.125), 'mean_transport_rate': 0.0, 'num_delivered_cargoes': 0}, {'raw_reward': 1.0, 'normalized_raw_reward': np.float64(7.8125e-05), 'messages': [], 'out_communication_edges': np.int64(0), 'in_communication_edges': np.int64(0), 'coverage_rate': np.float64(0.125), 'real_coverage_rate': np.float64(0.125), 'mean_transport_rate': 0.0, 'num_delivered_cargoes': 0}, {'raw_reward': 1.0, 'normalized_raw_reward': np.float64(7.8125e-05), 'messages': [], 'out_communication_edges': np.int64(0), 'in_communication_edges': np.int64(0), 'coverage_rate': np.float64(0.125), 'real_coverage_rate': np.float64(0.125), 'mean_transport_rate': 0.0, 'num_delivered_cargoes': 0}, {'raw_reward': 1.0, 'normalized_raw_reward': np.float64(7.8125e-05), 'messages': [], 'out_communication_edges': np.int64(0), 'in_communication_edges': np.int64(0), 'coverage_rate': np.float64(0.125), 'real_coverage_rate': np.float64(0.125), 'mean_transport_rate': 0.0, 'num_delivered_cargoes': 0}, {'raw_reward': 1.0, 'normalized_raw_reward': np.float64(7.8125e-05), 'messages': [], 'out_communication_edges': np.int64(0), 'in_communication_edges': np.int64(0), 'coverage_rate': np.float64(0.125), 'real_coverage_rate': np.float64(0.125), 'mean_transport_rate': 0.0, 'num_delivered_cargoes': 0}, {'raw_reward': 1.0, 'normalized_raw_reward': np.float64(7.8125e-05), 'messages': [], 'out_communication_edges': np.int64(0), 'in_communication_edges': np.int64(0), 'coverage_rate': np.float64(0.125), 'real_coverage_rate': np.float64(0.125), 'mean_transport_rate': 0.0, 'num_delivered_cargoes': 0}, {'raw_reward': 1.0, 'normalized_raw_reward': np.float64(7.8125e-05), 'messages': [], 'out_communication_edges': np.int64(0), 'in_communication_edges': np.int64(0), 'coverage_rate': np.float64(0.125), 'real_coverage_rate': np.float64(0.125), 'mean_transport_rate': 0.0, 'num_delivered_cargoes': 0}]}

